customer_id,region_id,zone_id,customer_type,Y,X,num_deliver_per_week,num_visit_per_week
256017,80,5148,ABARROTES,-46.4748,-108.04514,1,1
255780,80,5148,ABARROTES,-46.520282,-107.961052,1,1
254655,80,5148,ABARROTES,-46.53764,-107.90928,1,1
254445,80,5148,ABARROTES,-46.543526,-107.917954,2,1
254403,80,5148,ABARROTES,-46.540856,-107.905792,3,1
254397,80,5148,MAYORISTA,-46.483666,-108.044556,3,1
253998,80,5148,ABARROTES,-46.85278,-108.376104,3,1
253869,80,5148,ABARROTES,-47.100418,-107.965716,3,1
253866,80,5148,MAYORISTA,-46.52552,-108.22512,2,1
253335,80,5148,ABARROTES,-46.476388,-107.980206,3,1
253305,80,5148,ABARROTES,-46.525224,-107.938568,2,1
252774,80,5148,ABARROTES,-46.829596,-108.345872,3,1
252375,80,5148,ABARROTES,-46.851582,-108.376694,3,1
252177,80,5148,ABARROTES,-46.56096,-108.297554,3,1
252066,80,5148,ABARROTES,-46.53119,-107.930268,2,1
252000,80,5148,ABARROTES,-46.49313,-107.96586,2,1
251874,80,5148,ABARROTES,-46.834698,-108.371584,3,1
251085,80,5148,ABARROTES,-46.796066,-108.351732,3,1
250668,80,5148,ABARROTES,-46.52258,-108.23778,3,1
250629,80,5148,ABARROTES,-46.809372,-108.53743,3,1
250362,80,5148,ABARROTES,-46.533878,-108.281178,3,1
250020,80,5148,ABARROTES,-46.522996,-108.237112,3,1
249579,80,5148,ABARROTES,-46.525618,-108.236542,2,1
248724,80,5148,ABARROTES,-46.486348,-108.045098,4,1
248550,80,5148,ABARROTES,-46.48346,-108.028864,4,1
248292,80,5148,ABARROTES,-46.537206,-107.909106,3,1
248250,80,5148,ABARROTES,-46.513676,-108.235034,3,1
248013,80,5148,ABARROTES,-46.5138,-108.238814,2,1
247986,80,5148,MAYORISTA,-46.31141,-108.080572,4,1
247956,80,5148,ABARROTES,-46.54336,-107.9142,3,1
247029,80,5148,ABARROTES,-46.529788,-107.93767,3,1
246915,80,5148,ABARROTES,-46.54302,-107.916656,3,1
246870,80,5148,ABARROTES,-46.507044,-108.62092,3,1
246858,80,5148,TIENDA DE CONVENIENCIA,-46.4661948,-108.181944,6,1
245976,80,5148,ABARROTES,-46.549338,-107.97715,3,1
244866,80,5148,ABARROTES,-46.513586,-108.22355,3,1
244092,80,5148,ABARROTES,-46.542952,-107.918642,3,1
243927,80,5148,ABARROTES,-46.539186,-107.907888,3,1
243477,80,5148,ABARROTES,-46.542426,-107.922126,3,1
243408,80,5148,ABARROTES,-46.537764,-107.940218,3,1
242856,80,5148,MAYORISTA,-46.550906,-108.297476,4,1
242619,80,5148,MAYORISTA,-46.481884,-108.19573,3,1
242439,80,5148,ABARROTES,-46.53827,-107.929548,3,1
241305,80,5148,ABARROTES,-46.51412,-107.978666,2,1
241263,80,5148,ABARROTES,-46.537364,-107.917302,3,1
240990,80,5148,ABARROTES,-46.698344,-108.324368,3,1
240939,80,5148,CANAL FRIO,-46.866102,-108.295362,3,1
240918,80,5148,ABARROTES,-46.526208,-107.938718,3,1
240912,80,5148,ABARROTES,-46.526926,-107.938544,3,1
239115,80,5148,ABARROTES,-46.503426,-108.244016,4,1
238611,80,5148,ABARROTES,-46.472176,-108.005272,3,1
238377,80,5148,ABARROTES,-46.838768,-108.342002,3,1
238263,80,5148,MAYORISTA,-46.804256,-108.348168,3,1
237252,80,5148,ABARROTES,-46.535658,-107.932962,3,1
236490,80,5148,ABARROTES,-46.533198,-107.935086,3,1
235380,80,5148,ABARROTES,-46.836484,-108.455006,3,1
234555,80,5148,ABARROTES,-46.4968,-107.975462,2,1
234120,80,5148,ABARROTES,-46.497048,-107.97296,2,1
234093,80,5148,RESTAURANT,-46.893418,-108.252524,3,1
233427,80,5148,ABARROTES,-46.496332,-108.04238,3,1
233040,80,5148,ABARROTES,-46.54343,-107.908668,3,1
232455,80,5148,MAYORISTA,-46.47128,-108.026302,3,1
231900,80,5148,ABARROTES,-46.529462,-107.910614,3,1
231663,80,5148,ABARROTES,-46.496612,-107.975356,5,1
231414,80,5148,ABARROTES,-46.539734,-107.908892,3,1
229521,80,5148,ABARROTES,-46.8058,-108.55124,3,1
229263,80,5148,ABARROTES,-46.537648,-107.909048,3,1
228315,80,5148,ABARROTES,-46.543858,-107.911618,3,1
227973,80,5148,ABARROTES,-46.48286668,-108.1992666,3,1
227670,80,5148,ABARROTES,-46.4766054,-108.1905094,3,1
227664,80,5148,CANAL FRIO,-46.56138,-108.29478,4,1
227238,80,5148,ABARROTES,-46.5221124,-108.2223166,4,1
227223,80,5148,ABARROTES,-46.52776308,-107.929868,3,1
226662,80,5148,RESTAURANT,-46.475116,-107.97509,3,1
225480,80,5148,ABARROTES,-46.5639088,-108.2887204,4,1
225396,80,5148,ABARROTES,-46.53792168,-107.9007542,3,1
225012,80,5148,ABARROTES,-46.54481488,-107.9744454,3,1
224925,80,5148,ABARROTES,-46.53997728,-107.9123484,3,1
224280,80,5148,ABARROTES,-46.517556961192,-108.221890052016,3,1
224145,80,5148,ABARROTES,-46.8319038,-108.3515926,3,1
223554,80,5148,ABARROTES,-46.807098,-108.493538,3,1
223530,80,5148,MAYORISTA,-46.3085984,-108.0841758,3,1
223518,80,5148,ABARROTES,-46.470062,-108.192236,3,1
221151,80,5148,ABARROTES,-46.82958688,-108.4020532,3,1
220170,80,5148,ABARROTES,-46.83867488,-108.3375366,3,1
219522,80,5148,ABARROTES,-46.4809108,-108.031096,3,1
219030,80,5148,ABARROTES,-46.5406426,-107.9132428,3,1
219021,80,5148,ABARROTES,-46.540474,-107.915626,3,1
218265,80,5148,ABARROTES,-46.476668,-108.027046,3,1
218061,80,5148,ABARROTES,-46.527424,-108.239192,4,1
217494,80,5148,ABARROTES,-46.54085828,-107.9299438,3,1
217380,80,5148,ABARROTES,-46.5000834,-108.0420766,3,1
216822,80,5148,MAYORISTA,-46.5291352,-108.236241,4,1
216648,80,5148,ABARROTES,-46.834171295166,-108.370018005372,3,1
216123,80,5148,ABARROTES,-46.490028,-108.048056,3,1
215247,80,5148,RESTAURANT,-46.554048,-108.294492,4,1
212892,80,5148,ABARROTES,-46.5523208,-108.300129,4,1
212586,80,5148,ABARROTES,-46.540702,-107.905876,3,1
212526,80,5148,ABARROTES,-46.54038,-107.916718,3,1
212505,80,5148,ABARROTES,-46.757668,-108.35172,3,1
212469,80,5148,MAYORISTA,-46.488718,-108.044728,3,1
212232,80,5148,MAYORISTA,-46.46644,-108.18236,3,1
212112,80,5148,ABARROTES,-46.510886,-108.221802,3,1
211344,80,5148,TIENDA DE CONVENIENCIA,-46.532028,-108.307342,4,1
210978,80,5148,ABARROTES,-46.538066,-107.908032,3,1
210882,80,5148,ABARROTES,-46.51984,-108.22342,3,1
210846,80,5148,ABARROTES,-46.8364,-108.372,3,1
210834,80,5148,ABARROTES,-46.477284,-108.19083,3,1
210825,80,5148,ABARROTES,-46.51997,-108.242014,4,1
210441,80,5148,ABARROTES,-46.82753,-108.349206,3,1
210393,80,5148,RESTAURANT,-46.86848,-108.29308,3,1
210168,80,5148,ABARROTES,-46.549546,-108.297696,4,1
209520,80,5148,ABARROTES,-46.550888,-108.292894,4,1
208350,80,5148,ABARROTES,-46.4973,-108.04484,3,1
208347,80,5148,RESTAURANT,-46.504144,-108.022422,3,1
208341,80,5148,MAYORISTA,-46.524854,-108.233848,3,1
208116,80,5148,ABARROTES,-46.50994,-108.2322,3,1
208080,80,5148,ABARROTES,-46.552116,-107.969584,3,1
208068,80,5148,ABARROTES,-46.487602,-108.044792,3,1
207600,80,5148,ABARROTES,-46.560996,-108.292664,4,1
207588,80,5148,ABARROTES,-46.560732,-108.296274,4,1
207582,80,5148,ABARROTES,-46.525042,-108.234022,3,1
207399,80,5148,RESTAURANT,-46.68834,-108.343366,4,1
206076,80,5148,ABARROTES,-46.510022,-108.221038,3,1
205947,80,5148,ABARROTES,-46.51382,-108.23738,3,1
205905,80,5148,ABARROTES,-46.525938,-108.238888,4,1
205740,80,5148,ABARROTES,-46.41149,-108.08784,3,1
205728,80,5148,ABARROTES,-46.69069,-108.33053,3,1
205722,80,5148,ABARROTES,-46.539428,-107.928796,3,1
205659,80,5148,ABARROTES,-46.563708,-108.296674,4,1
205122,80,5148,ABARROTES,-46.83721548,-108.4535022,3,1
204780,80,5148,ABARROTES,-46.567862,-108.290276,4,1
204774,80,5148,ABARROTES,-46.569422,-108.295988,4,1
204771,80,5148,ABARROTES,-46.561786,-108.294936,4,1
204768,80,5148,ABARROTES,-46.411416,-108.08779,3,1
204762,80,5148,ABARROTES,-46.481144,-108.052984,3,1
204717,80,5148,ABARROTES,-46.5245,-108.23276,3,1
204657,80,5148,ABARROTES,-46.541142,-107.908204,3,1
204480,80,5148,ABARROTES,-46.54048,-107.91306,3,1
204222,80,5148,ABARROTES,-46.542652,-107.922668,3,1
203985,80,5148,ABARROTES,-46.594296,,2,1
203889,80,5148,ABARROTES,-46.828268,-108.493776,3,1
203871,80,5148,ABARROTES,-46.56774,-108.293706,4,1
203868,80,5148,ABARROTES,-46.561394,-108.297834,4,1
203829,80,5148,ABARROTES,-46.556494,-108.29215,4,1
203820,80,5148,ABARROTES,-46.55152,-108.292076,4,1
203811,80,5148,ABARROTES,-46.547692,-108.293674,4,1
203796,80,5148,MAYORISTA,-46.5243,-108.23049,3,1
203790,80,5148,MAYORISTA,-46.522104,-108.234936,3,1
203784,80,5148,ABARROTES,-46.569584,-108.295354,4,1
203775,80,5148,ABARROTES,-46.47446,-108.132436,3,1
203736,80,5148,ABARROTES,-46.52902,-108.234226,3,1
203733,80,5148,ABARROTES,-46.529168,-108.235794,4,1
203700,80,5148,MAYORISTA,-46.551294,-108.298494,4,1
203673,80,5148,RESTAURANT,-46.525646,-108.24139,4,1
203670,80,5148,ABARROTES,-46.52592,-108.23034,3,1
203661,80,5148,ABARROTES,-46.525346,-108.23662,4,1
203646,80,5148,ABARROTES,-46.475904,-107.978312,3,1
203574,80,5148,ABARROTES,-46.829998,-108.390862,3,1
203511,80,5148,ABARROTES,-46.56213,-108.291854,4,1
203502,80,5148,ABARROTES,-46.829564,-108.351896,3,1
203466,80,5148,ABARROTES,-46.4737,-108.04466,4,1
203460,80,5148,RESTAURANT,-46.524882,-108.234222,3,1
203454,80,5148,ABARROTES,-46.51668,-108.23368,3,1
203451,80,5148,ABARROTES,-46.51688,-108.230474,3,1
203445,80,5148,ABARROTES,-46.50914,-108.22794,3,1
203439,80,5148,ABARROTES,-46.503356,-108.22361,3,1
203280,80,5148,ABARROTES,-46.52316,-108.23212,3,1
203277,80,5148,ABARROTES,-46.51868,-108.23328,3,1
203274,80,5148,ABARROTES,-46.51344,-108.23446,3,1
203271,80,5148,ABARROTES,-46.510648,-108.235296,3,1
203268,80,5148,ABARROTES,-46.51017,-108.23212,3,1
203259,80,5148,ABARROTES,-46.49956,-108.219642,3,1
203256,80,5148,ABARROTES,-46.510314,-108.231816,3,1
203247,80,5148,ABARROTES,-46.47932,-108.1923,3,1
203241,80,5148,ABARROTES,-46.513844,-108.231266,3,1
203232,80,5148,ABARROTES,-46.466088,-108.183226,3,1
203214,80,5148,ABARROTES,-46.520334,-108.229668,3,1
203199,80,5148,ABARROTES,-46.554094,-108.293942,4,1
203184,80,5148,ABARROTES,-46.558494,-108.29263,4,1
203181,80,5148,ABARROTES,-46.5667,-108.290986,4,1
203178,80,5148,MAYORISTA,-46.555194,-108.2939,4,1
203175,80,5148,RESTAURANT,-46.554058,-108.293518,4,1
203166,80,5148,ABARROTES,-46.559628,-108.29747,4,1
203151,80,5148,ABARROTES,-46.49214,-108.04686,4,1
203145,80,5148,ABARROTES,-46.513968,-108.22177,3,1
203142,80,5148,ABARROTES,-46.491154,-108.044868,3,1
203133,80,5148,ABARROTES,-46.480888,-108.04512,3,1
203127,80,5148,ABARROTES,-46.832326,-108.343508,3,1
203118,80,5148,ABARROTES,-46.83264,-108.351112,4,1
203112,80,5148,ABARROTES,-46.831296,-108.348464,3,1
203106,80,5148,RESTAURANT,-46.82912,-108.35024,3,1
203100,80,5148,ABARROTES,-46.836694,-108.455958,3,1
203094,80,5148,ABARROTES,-46.484504,-108.035228,3,1
203088,80,5148,ABARROTES,-46.481594,-108.032182,3,1
203082,80,5148,ABARROTES,-46.472576,-108.006106,3,1
203073,80,5148,ABARROTES,-46.4728598,-107.9981836,3,1
203064,80,5148,ABARROTES,-46.79799,-108.351166,4,1
203058,80,5148,ABARROTES,-46.762386,-108.356934,3,1
203055,80,5148,ABARROTES,-46.473412,-107.997604,3,1
203052,80,5148,ABARROTES,-46.86725,-108.29429,3,1
202818,80,5148,CANAL FRIO,-46.551637277584,-108.294753852,4,1
202638,80,5148,RESTAURANT,-46.518739,-108.2237162,3,1
201798,80,5148,ABARROTES,-46.4770296,-108.0275714,3,1
200364,80,5148,ABARROTES,-46.4749302,-108.0236216,3,1
199860,80,5148,ABARROTES,-46.85114828,-108.322474,3,1
198867,80,5148,RESTAURANT,-46.481718,-108.044158,3,1
198057,80,5148,ABARROTES,-46.526344,-108.239422,3,1
197799,80,5148,ABARROTES,-46.6876174,-108.3304034,3,1
197529,80,5148,ABARROTES,-46.47244,-108.045246,3,1
197034,80,5148,ABARROTES,-46.5125528,-108.2300644,3,1
196845,80,5148,MAYORISTA,-46.5518309,-108.2957915,4,1
196722,80,5148,ABARROTES,-46.51097,-108.231824,3,1
195582,80,5148,ABARROTES,-46.471818,-108.013126,3,1
194790,80,5148,ABARROTES,-46.52658,-107.938808,3,1
194424,80,5148,MAYORISTA,-46.571922,-108.295494,4,1
193911,80,5148,ABARROTES,-46.551304,-108.298552,4,1
192771,80,5148,ABARROTES,-46.838716,-108.340042,3,1
192768,80,5148,ABARROTES,-46.8385,-108.33936,3,1
192756,80,5148,ABARROTES,-46.78366,-108.5492,3,1
192714,80,5148,ABARROTES,-46.47362,-108.00869,3,1
192627,80,5148,ABARROTES,-46.5352,-107.921598,3,1
192564,80,5148,MAYORISTA,-46.549694,-108.299796,4,1
192159,80,5148,ABARROTES,-46.46827,-108.183726,3,1
191250,80,5148,ABARROTES,-46.543498,-107.911626,3,1
191238,80,5148,ABARROTES,-46.540288,-107.915324,3,1
188685,80,5148,ABARROTES,-46.53697,-107.921596,3,1
184104,80,5148,ABARROTES,-46.542938,-107.920766,3,1
183921,80,5148,ABARROTES,-46.549884,-107.963944,3,1
183789,80,5148,ABARROTES,-46.53741,-107.918974,3,1
182442,80,5148,ABARROTES,-46.537164,-107.903052,3,1
180495,80,5148,ABARROTES,-46.537666,-107.914004,3,1
175809,80,5148,ABARROTES,-46.540876,-107.90321,3,1
165786,80,5148,ABARROTES,-46.536422,-107.903018,3,1
164871,80,5148,ABARROTES,-46.543186,-107.909856,3,1
164541,80,5148,RESTAURANT,-46.542156,-107.924174,3,1
164007,80,5148,ABARROTES,-46.537314,-107.924102,3,1
158742,80,5148,ABARROTES,-46.564074,-107.980152,3,1
158274,80,5148,ABARROTES,-46.474976,-108.195314,3,1
158016,80,5148,ABARROTES,-46.856226,-108.317916,3,1
157767,80,5148,MAYORISTA,-46.56327,-108.00311,3,1
157710,80,5148,ABARROTES,-46.568156,-108.295284,4,1
157416,80,5148,ABARROTES,-46.539606,-107.927568,3,1
155388,80,5148,ABARROTES,-46.539676,-107.903176,3,1
155337,80,5148,ABARROTES,-46.5428,-107.92124,3,1
153765,80,5148,ABARROTES,-46.540578,-107.906818,3,1
153756,80,5148,ABARROTES,-46.537904,-107.90894,2,1
153744,80,5148,ABARROTES,-46.53515,-107.90607,3,1
153726,80,5148,ABARROTES,-46.53816,-107.90036,3,1
149634,80,5148,ABARROTES,-46.470666,-108.046916,3,1
148782,80,5148,ABARROTES,-46.838522,-108.336958,3,1
140277,80,5148,ABARROTES,-46.497396,-108.02781,3,1
129153,80,5148,ABARROTES,-46.761738,-108.356486,3,1
129081,80,5148,MAYORISTA,-46.483744,-108.044682,3,1
96444,80,5148,ABARROTES,-46.524252,-108.230922,3,1
77484,80,5148,SUPERMERCADO,-46.557814,-107.960002,3,1
75723,80,5148,ABARROTES,-46.52799,-107.902896,3,1
72645,80,5148,ABARROTES,-46.56818,-108.29553,4,1
72558,80,5148,ABARROTES,-46.552128,-107.96927,3,1
72483,80,5148,MAYORISTA,-46.52493,-108.234024,3,1
71766,80,5148,ABARROTES,-46.558362,-107.970778,3,1
69060,80,5148,ABARROTES,-46.48994,-108.05012,3,1
67314,80,5148,ABARROTES,-46.473378,-107.998042,3,1
66378,80,5148,ABARROTES,-46.833122,-108.341742,3,1
64734,80,5148,ABARROTES,-46.542916,-107.913952,3,1
64299,80,5148,ABARROTES,-46.535692,-107.921596,3,1
64272,80,5148,ABARROTES,-46.532618,-107.919726,3,1
63873,80,5148,ABARROTES,-46.573442,-107.97988,3,1
63867,80,5148,ABARROTES,-46.444996,-108.056496,3,1
63582,80,5148,ABARROTES,-46.8289,-108.34426,3,1
62811,80,5148,ABARROTES,-46.4887688,-108.044958,3,1
61908,80,5148,ABARROTES,-46.52675,-108.2329,3,1
61824,80,5148,MAYORISTA,-46.568774,-108.29313,4,1
61692,80,5148,ABARROTES,-46.549572,-108.300452,4,1
61305,80,5148,ABARROTES,-46.5606928,-108.2982864,4,1
59703,80,5148,ABARROTES,-46.762228,-108.35743,3,1
457455,80,5148,CANAL FRIO,-46.346466,-107.916242,3,1
255936,80,5148,ABARROTES,-46.441984,-107.003776,1,1
255870,80,5148,ABARROTES,-46.441768,-107.814176,1,1
255861,80,5148,ABARROTES,-46.292892,-107.966006,1,1
255834,80,5148,ABARROTES,-46.291612,-107.967132,1,1
255585,80,5148,ABARROTES,-46.185144,-107.537034,1,1
255381,80,5148,ABARROTES,-46.423864,-107.000262,1,1
255372,80,5148,MAYORISTA,-46.4384,-107.480984,1,1
254859,80,5148,ABARROTES,-46.16195,-107.530266,1,1
254667,80,5148,ABARROTES,-46.17073,-107.531738,1,1
254490,80,5148,ABARROTES,-46.437174,-107.458246,2,1
254382,80,5148,CANAL FRIO,-46.423264,-107.410668,3,1
254196,80,5148,ABARROTES,-46.1688,-107.509034,2,1
254040,80,5148,MAYORISTA,-46.294838,-107.609068,3,1
254007,80,5148,ABARROTES,-46.406138,-107.481492,2,1
253845,80,5148,ABARROTES,-46.39104,-107.336442,3,1
253677,80,5148,ABARROTES,-46.447236,-107.006604,3,1
253647,80,5148,ABARROTES,-46.43894,-107.4822,2,1
253506,80,5148,ABARROTES,-46.452068,-107.622644,3,1
253464,80,5148,ABARROTES,-46.454264,-107.011294,3,1
253416,80,5148,ABARROTES,-46.444486,-107.576628,3,1
253146,80,5148,ABARROTES,-46.380882,-107.934632,3,1
252618,80,5148,ABARROTES,-46.376196,-107.934306,3,1
252396,80,5148,ABARROTES,-46.438468,-107.481012,2,1
252081,80,5148,MAYORISTA,-46.42862,-107.001958,3,1
251967,80,5148,MAYORISTA,-46.440614,-107.00074,3,1
251829,80,5148,MAYORISTA,-46.368984,-107.933022,3,1
251643,80,5148,ABARROTES,-46.438794,-107.816886,2,1
251619,80,5148,MAYORISTA,-46.407574,-107.480434,2,1
251520,80,5148,ABARROTES,-46.434544,-107.810534,3,1
251493,80,5148,ABARROTES,-46.460566,-107.212352,3,1
251442,80,5148,MAYORISTA,-46.4247,-107.822688,2,1
250749,80,5148,ABARROTES,-46.453636,-107.053506,3,1
250344,80,5148,ABARROTES,-46.452752,-107.56503,3,1
250275,80,5148,ABARROTES,-46.450356,-107.49150598,3,1
250221,80,5148,MAYORISTA,-46.457036,-107.62064,3,1
249981,80,5148,CANAL FRIO,-46.42794,-106.99986,3,1
249855,80,5148,ABARROTES,-46.440754,-106.998932,3,1
249843,80,5148,ABARROTES,-46.43481,-107.01675,3,1
249633,80,5148,ABARROTES,-46.369218,-107.920908,3,1
249486,80,5148,RESTAURANT,-46.405434,-107.49856,3,1
249411,80,5148,MAYORISTA,-46.431232,-107.676834,3,1
249342,80,5148,SUPERMERCADO,-46.431352,-107.676798,3,1
249222,80,5148,ABARROTES,-46.434196,-107.814294,3,1
249216,80,5148,ABARROTES,-46.452456,-107.0587,3,1
248706,80,5148,ABARROTES,-46.429946,-107.804966,3,1
248682,80,5148,ABARROTES,-46.429716,-107.003472,3,1
247983,80,5148,MAYORISTA,-46.4373466,-107.4819024,3,1
247962,80,5148,MAYORISTA,-46.424312,-107.36295,4,1
247134,80,5148,ABARROTES,-46.42298,-107.81696,3,1
246963,80,5148,MAYORISTA,-46.441226,-107.79964,3,1
245046,80,5148,ABARROTES,-46.342608,-107.352496,3,1
244380,80,5148,MAYORISTA,-46.435458,-107.445622,3,1
244041,80,5148,ABARROTES,-46.448308,-107.81195,3,1
243954,80,5148,ABARROTES,-46.37817,-107.932378,3,1
243546,80,5148,MAYORISTA,-46.436862,-106.999688,3,1
242442,80,5148,MAYORISTA,-46.418098,-107.425612,3,1
242388,80,5148,MAYORISTA,-46.447566,-107.10694,3,1
242232,80,5148,ABARROTES,-46.43759,-107.481572,3,1
241824,80,5148,ABARROTES,-46.50396,-107.163738,4,1
241026,80,5148,ABARROTES,-46.438664,-107.48294,3,1
240924,80,5148,ABARROTES,-46.508254,-107.874102,3,1
240852,80,5148,ABARROTES,-46.381344,-107.927536,3,1
239247,80,5148,ABARROTES,-46.462426,-107.155482,4,1
238827,80,5148,ABARROTES,-46.437842,-107.004366,3,1
238572,80,5148,ABARROTES,-46.460362,-107.007066,3,1
238032,80,5148,MAYORISTA,-46.448186,-107.191726,4,1
237057,80,5148,MAYORISTA,-46.42797,-107.80432,3,1
235932,80,5148,ABARROTES,-46.441508,-107.230508,4,1
234156,80,5148,ABARROTES,-46.5043,-107.16698,4,1
234129,80,5148,CANAL FRIO,-46.438308,-107.470332,3,1
234021,80,5148,ABARROTES,-46.5034406,-107.1730702,5,1
233814,80,5148,CANAL FRIO,-46.412468,-107.35913,3,1
232404,80,5148,ABARROTES,-46.443292,-107.215798,4,1
232269,80,5148,MAYORISTA,-46.507206,-107.164592,4,1
232029,80,5148,ABARROTES,-46.432288,-107.7942992,3,1
231876,80,5148,CANAL FRIO,-46.4330424,-106.9986572,3,1
231057,80,5148,MAYORISTA,-46.434564,-107.450522,3,1
230604,80,5148,ABARROTES,-46.374034,-107.939408,3,1
230073,80,5148,MAYORISTA,-46.5374192,-107.9195076,3,1
230028,80,5148,MAYORISTA,-46.452522,-107.598008,3,1
230010,80,5148,ABARROTES,-46.432442,-107.80476,3,1
229620,80,5148,CANAL FRIO,-46.4454068,-107.641604,3,1
228948,80,5148,MAYORISTA,-46.418818,-107.796026,3,1
228060,80,5148,ABARROTES,-46.444388,-107.22802,4,1
227988,80,5148,ABARROTES,-46.424558,-107.812138,3,1
227829,80,5148,ABARROTES,-46.4240508,-107.0030506,3,1
227616,80,5148,ABARROTES,-46.439844,-107.660612,3,1
226992,80,5148,ABARROTES,-46.440426,-107.001244,3,1
226848,80,5148,ABARROTES,-46.3686314,-107.9343522,3,1
225972,80,5148,ABARROTES,-46.441624,-107.802874,3,1
225669,80,5148,ABARROTES,-46.430142,-107.046264,3,1
225393,80,5148,MAYORISTA,-46.41121,-107.35924,3,1
224841,80,5148,ABARROTES,-46.442918,-107.805806,3,1
224787,80,5148,MAYORISTA,-46.4356044,-107.4457628,3,1
222843,80,5148,ABARROTES,-46.4335474,-107.4607406,3,1
222759,80,5148,ABARROTES,-46.438384,-107.48175,3,1
222669,80,5148,MAYORISTA,-46.434092,-107.002288,3,1
222225,80,5148,ABARROTES,-46.43445,-107.002744,3,1
221751,80,5148,ABARROTES,-46.4284098,-106.99988,3,1
220728,80,5148,MAYORISTA,-46.502516,-107.17526,4,1
220713,80,5148,ABARROTES,-46.43457,-107.811544,3,1
220632,80,5148,ABARROTES,-46.3538844,-107.9192644,3,1
220302,80,5148,ABARROTES,-46.435112,-107.481738,3,1
219450,80,5148,ABARROTES,-46.422736,-107.80802,3,1
219231,80,5148,MAYORISTA,-109.0025078,-46.4427848,4,1
218121,80,5148,MAYORISTA,-46.3742512,-107.9332184,3,1
217848,80,5148,MAYORISTA,-46.4439666,-107.2303534,4,1
217536,80,5148,CANAL FRIO,-46.43405,-107.463624,3,1
216498,80,5148,ABARROTES,-46.388138,-107.87924,4,1
216366,80,5148,SUPERMERCADO,-46.43589788,-107.544664,3,1
215985,80,5148,SUPERMERCADO,-46.4265188,-107.4808718,3,1
215517,80,5148,CANAL FRIO,-46.438144,-107.471414,3,1
215112,80,5148,MAYORISTA,-46.434654,-107.827618,4,1
213513,80,5148,ABARROTES,-46.4395108,-107.8077588,3,1
213114,80,5148,ABARROTES,-46.43861288,-107.663152,3,1
212748,80,5148,MAYORISTA,-46.41876,-107.4279,3,1
212745,80,5148,ABARROTES,-46.38097,-107.92816,3,1
212721,80,5148,MAYORISTA,-46.43435,-107.813564,3,1
212640,80,5148,ABARROTES,-46.452928,-107.053878,3,1
212637,80,5148,ABARROTES,-46.43802,-107.461498,3,1
212448,80,5148,MAYORISTA,-46.4383,-107.47416,3,1
212445,80,5148,CANAL FRIO,-46.441412,-107.578594,3,1
212442,80,5148,MAYORISTA,-46.434914,-107.448086,3,1
212433,80,5148,ABARROTES,-46.431256,-107.4647872,3,1
212301,80,5148,ABARROTES,-46.434486,-107.4809288,3,1
212256,80,5148,ABARROTES,-46.370204,-107.92944,3,1
211740,80,5148,ABARROTES,-46.433082,-107.808734,3,1
211641,80,5148,ABARROTES,-46.422614,-107.007176,3,1
211638,80,5148,ABARROTES,-46.43334,-107.460794,3,1
211533,80,5148,MAYORISTA,-46.382904,-107.93063,3,1
211527,80,5148,MAYORISTA,-46.40668,-107.38288,3,1
211524,80,5148,MAYORISTA,-46.44597,-107.211072,4,1
211407,80,5148,RESTAURANT,-46.438468,-106.998302,3,1
211386,80,5148,ABARROTES,-46.354076,-107.920564,3,1
211383,80,5148,ABARROTES,-46.40468,-107.37242,3,1
210981,80,5148,ABARROTES,-46.43489,-107.81581,3,1
210897,80,5148,ABARROTES,-46.444776,-107.003204,3,1
210876,80,5148,ABARROTES,-46.374724,-107.933094,3,1
210843,80,5148,ABARROTES,-46.449754,-107.613876,3,1
210840,80,5148,ABARROTES,-46.441308,-107.486784,3,1
210633,80,5148,MAYORISTA,-46.425764,-107.811954,3,1
210585,80,5148,ABARROTES,-46.435532,-107.006902,3,1
210234,80,5148,MAYORISTA,-46.446812,-107.634438,3,1
210186,80,5148,MAYORISTA,-46.409028,-107.371014,3,1
209793,80,5148,CANAL FRIO,-46.43588,-107.43918,3,1
209622,80,5148,MAYORISTA,-46.379026,-107.940362,3,1
209073,80,5148,ABARROTES,-46.458806,-107.832104,4,1
207999,80,5148,ABARROTES,-46.387414,-107.880796,4,1
207828,80,5148,ABARROTES,-46.429744,-107.046406,3,1
207366,80,5148,ABARROTES,-46.449472,-107.639888,3,1
207339,80,5148,MAYORISTA,-46.428854,-107.481662,3,1
207330,80,5148,ABARROTES,-46.36686,-107.91653,3,1
207267,80,5148,ABARROTES,-46.45058,-107.490866,3,1
207264,80,5148,CANAL FRIO,-46.423654,-107.410494,3,1
207240,80,5148,ABARROTES,-46.432076,-107.805346,3,1
207216,80,5148,ABARROTES,-46.434946,-107.806974,3,1
207156,80,5148,ABARROTES,-46.43065,-107.002136,3,1
207150,80,5148,ABARROTES,-46.425916,-107.004154,3,1
207147,80,5148,ABARROTES,-46.42604,-107.00206,3,1
207144,80,5148,ABARROTES,-46.427404,-107.001674,3,1
207129,80,5148,ABARROTES,-46.45494,-107.49488,3,1
207123,80,5148,ABARROTES,-46.425204,-107.000338,4,1
207114,80,5148,ABARROTES,-46.42483,-107.010038,3,1
207105,80,5148,CANAL FRIO,-46.434756,-106.998932,3,1
207102,80,5148,ABARROTES,-46.45054,-107.00602,3,1
207099,80,5148,ABARROTES,-46.432556,-107.006714,3,1
207096,80,5148,ABARROTES,-46.43058,-106.999076,3,1
207087,80,5148,CANAL FRIO,-46.444436,-107.471774,3,1
207084,80,5148,ABARROTES,-46.445798,-107.641344,3,1
207078,80,5148,ABARROTES,-46.444558,-107.579208,3,1
206991,80,5148,ABARROTES,-46.450436,-107.490634,3,1
206988,80,5148,ABARROTES,-46.448504,-107.488418,3,1
206979,80,5148,RESTAURANT,-46.423864,-107.000464,3,1
206964,80,5148,ABARROTES,-46.438244,-107.473584,3,1
206958,80,5148,ABARROTES,-46.435396,-107.453916,3,1
206955,80,5148,ABARROTES,-46.43748,-107.46144,3,1
206952,80,5148,MINIMARKET,-46.438588,-107.462112,3,1
206943,80,5148,SUPERMERCADO,-46.438506,-107.475184,3,1
206940,80,5148,MAYORISTA,-46.438546,-107.479042,3,1
206937,80,5148,CANAL FRIO,-46.438676,-107.48088,3,1
206928,80,5148,ABARROTES,-46.45767168,-107.498231,3,1
206868,80,5148,RESTAURANT,-46.440124,-107.481234,3,1
206856,80,5148,ABARROTES,-46.435664,-107.464094,3,1
206850,80,5148,ABARROTES,-46.423854,-107.428384,3,1
206847,80,5148,ABARROTES,-46.43046,-107.796432,3,1
206838,80,5148,ABARROTES,-46.454308,-107.623738,3,1
206823,80,5148,ABARROTES,-46.449632,-107.62229,3,1
206811,80,5148,ABARROTES,-46.426282,-107.672126,3,1
206799,80,5148,ABARROTES,-46.434308,-107.478062,3,1
206787,80,5148,ABARROTES,-46.43554,-107.4415,3,1
206784,80,5148,ABARROTES,-46.425578,-107.432014,3,1
206772,80,5148,ABARROTES,-46.438368,-107.47382,3,1
206763,80,5148,ABARROTES,-46.40751,-107.483666,3,1
206760,80,5148,MAYORISTA,-46.407786,-107.480584,3,1
206748,80,5148,MAYORISTA,-46.438474,-107.477564,3,1
206745,80,5148,ABARROTES,-46.430598,-107.677648,3,1
206697,80,5148,CANAL FRIO,-46.435448,-107.548318,3,1
206673,80,5148,ABARROTES,-46.440862,-107.486128,3,1
206670,80,5148,ABARROTES,-46.46129,-107.51889,3,1
206667,80,5148,ABARROTES,-46.461332,-107.518806,3,1
206664,80,5148,ABARROTES,-46.461326,-107.525158,3,1
206646,80,5148,ABARROTES,-46.4445,-107.5791,3,1
206637,80,5148,ABARROTES,-46.446222,-107.638444,3,1
206634,80,5148,ABARROTES,-46.446164,-107.63907,3,1
206625,80,5148,ABARROTES,-46.446632,-107.644602,3,1
206616,80,5148,ABARROTES,-46.43627,-107.669634,3,1
206613,80,5148,MAYORISTA,-46.43106,-107.67714,3,1
206607,80,5148,ABARROTES,-46.42052,-107.431766,3,1
206514,80,5148,ABARROTES,-46.413672,-107.380032,3,1
206496,80,5148,ABARROTES,-46.410362,-107.364608,3,1
206484,80,5148,ABARROTES,-46.417876,-107.381236,3,1
206481,80,5148,MAYORISTA,-46.42302,-107.36226,3,1
206478,80,5148,ABARROTES,-46.42404,-107.36222,3,1
206475,80,5148,CANAL FRIO,-46.41076,-107.362852,3,1
206460,80,5148,ABARROTES,-46.444178,-107.224006,4,1
206457,80,5148,ABARROTES,-46.444348,-107.223668,4,1
206451,80,5148,ABARROTES,-46.4452,-107.21698,4,1
206448,80,5148,ABARROTES,-46.445664,-107.213646,4,1
206442,80,5148,ABARROTES,-46.44673,-107.204956,4,1
206439,80,5148,RESTAURANT,-46.446386,-107.207506,4,1
206433,80,5148,ABARROTES,-46.4467,-107.20469,4,1
206427,80,5148,RESTAURANT,-46.443076,-107.196052,4,1
206421,80,5148,ABARROTES,-46.452856,-107.058836,3,1
206418,80,5148,SUPERMERCADO,-46.453404,-107.056944,3,1
206415,80,5148,ABARROTES,-46.424604,-106.999282,3,1
206412,80,5148,ABARROTES,-46.421686,-107.000996,3,1
206406,80,5148,ABARROTES,-46.425998,-107.000194,3,1
206376,80,5148,MAYORISTA,-46.443174,-107.00244,3,1
206367,80,5148,ABARROTES,-46.444906,-107.003044,3,1
206364,80,5148,CANAL FRIO,-46.448504,-107.00506,3,1
206361,80,5148,MAYORISTA,-46.43608,-106.999104,3,1
206358,80,5148,ABARROTES,-46.44682,-107.006302,3,1
206355,80,5148,ABARROTES,-46.446774,-107.005216,3,1
206349,80,5148,ABARROTES,-46.446654,-107.004754,4,1
206346,80,5148,MAYORISTA,-46.43456,-106.99878,3,1
205107,80,5148,ABARROTES,-46.4293628,-107.0018966,3,1
204375,80,5148,ABARROTES,-46.429084,-107.809276,3,1
198990,80,5148,ABARROTES,-46.42492,-106.99295,3,1
198552,80,5148,ABARROTES,-46.369638,-107.93668,3,1
198522,80,5148,MAYORISTA,-46.4208878,-107.429617,3,1
197673,80,5148,MAYORISTA,-46.3576342,-107.9356368,3,1
196311,80,5148,ABARROTES,-46.429832,-106.997322,3,1
196302,80,5148,ABARROTES,-46.436032,-107.436196,3,1
195447,80,5148,ABARROTES,-46.424102,-107.004722,3,1
195378,80,5148,ABARROTES,-46.4306928,-107.4818152,3,1
194409,80,5148,ABARROTES,-46.42524,-107.8162,3,1
194229,80,5148,MAYORISTA,-46.374522,-107.930286,3,1
194208,80,5148,ABARROTES,-46.446928,-107.004846,3,1
193323,80,5148,ABARROTES,-46.446004,-107.20999,4,1
192942,80,5148,ABARROTES,-46.425324,-107.000266,3,1
192618,80,5148,ABARROTES,-46.36996,-107.927388,3,1
191247,80,5148,ABARROTES,-46.379036,-107.937726,3,1
191229,80,5148,ABARROTES,-46.434194,-107.814482,3,1
190776,80,5148,MAYORISTA,-46.428522,-107.000986,3,1
190152,80,5148,RESTAURANT,-46.44032,-107.00084,3,1
190113,80,5148,ABARROTES,-46.427666,-107.816372,3,1
188700,80,5148,ABARROTES,-46.373678,-107.934406,3,1
187974,80,5148,ABARROTES,-46.379724,-107.932452,3,1
187962,80,5148,ABARROTES,-46.420648,-107.815446,3,1
186942,80,5148,ABARROTES,-46.368514,-107.919636,3,1
186378,80,5148,ABARROTES,-46.376184,-107.921088,3,1
186174,80,5148,RESTAURANT,-46.431786,-107.813742,3,1
184713,80,5148,ABARROTES,-46.438674,-107.817288,3,1
184710,80,5148,ABARROTES,-46.418904,-107.812452,3,1
184488,80,5148,ABARROTES,-46.38054,-107.92632,3,1
184485,80,5148,ABARROTES,-46.38079,-107.930466,3,1
183675,80,5148,ABARROTES,-46.380676,-107.932644,3,1
183468,80,5148,ABARROTES,-46.428288,-107.814024,3,1
183459,80,5148,ABARROTES,-46.37754,-107.93458,3,1
183213,80,5148,MAYORISTA,-46.4476386,-107.8211074,4,1
181704,80,5148,ABARROTES,-46.37879,-107.934744,3,1
179838,80,5148,ABARROTES,-46.38164,-107.932752,3,1
175815,80,5148,ABARROTES,-46.370548,-107.923652,3,1
175239,80,5148,ABARROTES,-46.435726,-107.806662,3,1
171702,80,5148,ABARROTES,-46.424244,-107.8148,3,1
171684,80,5148,ABARROTES,-46.403226,-107.86167,4,1
165762,80,5148,ABARROTES,-46.3762,-107.934544,3,1
165750,80,5148,ABARROTES,-46.381004,-107.94422,3,1
165744,80,5148,ABARROTES,-46.372016,-107.934238,3,1
165726,80,5148,CANAL FRIO,-46.37352,-107.93428,3,1
165717,80,5148,ABARROTES,-46.36797,-107.934454,3,1
165687,80,5148,ABARROTES,-46.38081,-107.932618,3,1
165684,80,5148,ABARROTES,-46.379684,-107.932538,3,1
165183,80,5148,ABARROTES,-46.42374,-107.80436,3,1
163482,80,5148,MAYORISTA,-46.431684,-107.81466,3,1
163131,80,5148,ABARROTES,-46.434654,-107.812982,3,1
163101,80,5148,ABARROTES,-46.435344,-107.816034,3,1
163044,80,5148,ABARROTES,-46.420624,-107.810836,3,1
162984,80,5148,ABARROTES,-46.430096,-107.819102,3,1
162960,80,5148,ABARROTES,-46.430448,-107.811488,3,1
162957,80,5148,ABARROTES,-46.42932,-107.81096,3,1
158766,80,5148,ABARROTES,-46.410708,-107.36244,3,1
158610,80,5148,ABARROTES,-46.448998,-107.005206,3,1
157854,80,5148,CANAL FRIO,-46.431626,-107.820428,3,1
154638,80,5148,ABARROTES,-46.54744,-107.8982,4,1
154635,80,5148,ABARROTES,-46.547588,-107.89824,4,1
153672,80,5148,ABARROTES,-46.53352,-107.885,4,1
139272,80,5148,ABARROTES,-46.430688,-107.677788,3,1
129264,80,5148,ABARROTES,-46.450396,-107.807628,3,1
128700,80,5148,CANAL FRIO,-46.42984,-107.48124,3,1
128502,80,5148,TIENDA DE CONVENIENCIA,-46.45578,-107.826734,4,1
88821,80,5148,ABARROTES,-46.38166,-107.944306,3,1
72117,80,5148,MAYORISTA,-46.428226,-107.818658,3,1
70890,80,5148,ABARROTES,-46.436986,-106.999684,3,1
64917,80,5148,ABARROTES,-46.54338,-107.90312,4,1
63876,80,5148,ABARROTES,-46.431372,-107.532462,3,1
63690,80,5148,ABARROTES,-46.424584,-107.00046,3,1
61977,80,5148,ABARROTES,-46.435898,-107.454934,3,1
61344,80,5148,RESTAURANT,-46.424924,-107.815076,3,1
60870,80,5148,ABARROTES,-46.344948,-107.91953,3,1
60864,80,5148,ABARROTES,-46.372892,-107.919076,3,1
25734,80,5148,ABARROTES,-46.45126,-107.09979,4,1
2061063,80,5148,ABARROTES,-46.928614,-108.021994,3,1
255777,80,5148,ABARROTES,-47.120516,-107.978328,1,1
255684,80,5148,ABARROTES,-46.760204,-107.76591,1,1
255477,80,5148,ABARROTES,-46.595886,-107.877774,1,1
254988,80,5148,RESTAURANT,-46.696456,-107.994894,1,1
254862,80,5148,ABARROTES,-46.592668,-107.87487,1,1
254685,80,5148,ABARROTES,-46.722716,-107.861646,1,1
254643,80,5148,ABARROTES,-46.882368,-107.945594,3,1
254583,80,5148,ABARROTES,-46.878742,-107.942846,3,1
254436,80,5148,ABARROTES,-46.798194,-107.910838,3,1
254310,80,5148,MAYORISTA,-46.595084,-107.928326,2,1
253992,80,5148,ABARROTES,-46.59324,-107.91146,2,1
253935,80,5148,MAYORISTA,-46.769832,-107.734948,3,1
253683,80,5148,ABARROTES,-46.601306,-107.868804,3,1
253578,80,5148,ABARROTES,-46.59528,-107.874328,3,1
253191,80,5148,ABARROTES,-46.631664,-107.841106,3,1
253098,80,5148,ABARROTES,-46.75713,-107.760148,3,1
252696,80,5148,ABARROTES,-46.59908,-107.895574,2,1
252468,80,5148,ABARROTES,-47.12106,-107.96267,3,1
252405,80,5148,ABARROTES,-46.607872,-107.812806,3,1
252210,80,5148,ABARROTES,-47.119286,-107.976774,3,1
251721,80,5148,ABARROTES,-47.113912,-107.964344,3,1
251631,80,5148,ABARROTES,-47.107482,-107.972756,3,1
251625,80,5148,MAYORISTA,-46.647376,-107.845474,3,1
251382,80,5148,ABARROTES,-47.120142,-107.98656,3,1
251253,80,5148,ABARROTES,-46.640364,-107.941764,2,1
251202,80,5148,ABARROTES,-47.115956,-107.969014,3,1
251169,80,5148,ABARROTES,-46.688622,-107.930412,2,1
251121,80,5148,ABARROTES,-46.609652,-107.920674,2,1
251025,80,5148,ABARROTES,-46.904784,-108.096024,3,1
250974,80,5148,ABARROTES,-46.59032,-107.904,3,1
250947,80,5148,MAYORISTA,-46.904136,-107.988002,3,1
250653,80,5148,MAYORISTA,-47.111604,-107.974778,3,1
249795,80,5148,ABARROTES,-47.091982,-107.97413,4,1
249513,80,5148,MAYORISTA,-47.123036,-107.964202,3,1
249297,80,5148,ABARROTES,-46.60594,-107.885596,4,1
248871,80,5148,ABARROTES,-46.76046,-107.764704,3,1
248373,80,5148,MAYORISTA,-47.102762,-107.978868,3,1
248178,80,5148,ABARROTES,-46.666334,-107.963588,3,1
247989,80,5148,ABARROTES,-46.591698,-107.87514,4,1
247974,80,5148,ABARROTES,-46.594156,-107.910508,3,1
247239,80,5148,ABARROTES,-46.597792,-107.926126,3,1
246804,80,5148,ABARROTES,-46.59237,-107.900166,3,1
246627,80,5148,ABARROTES,-46.884232,-107.94925,3,1
246618,80,5148,ABARROTES,-47.116908,-107.969942,3,1
246339,80,5148,ABARROTES,-47.097832,-107.979156,3,1
246216,80,5148,ABARROTES,-46.88344,-107.942032,3,1
244878,80,5148,ABARROTES,-47.111526,-107.957788,3,1
244869,80,5148,ABARROTES,-46.765872,-107.741026,3,1
243981,80,5148,ABARROTES,-46.589994,-107.89588,3,1
243789,80,5148,MAYORISTA,-47.113156,-107.96944,3,1
242571,80,5148,ABARROTES,-47.1069366,-107.9729322,3,1
242556,80,5148,ABARROTES,-46.641234,-107.81614,4,1
242505,80,5148,ABARROTES,-46.682894,-107.925102,3,1
242415,80,5148,ABARROTES,-46.606996,-107.884768,3,1
242412,80,5148,ABARROTES,-47.120386,-107.970702,3,1
242151,80,5148,MAYORISTA,-47.100536,-107.970444,3,1
241203,80,5148,ABARROTES,-47.122772,-107.97982,3,1
239556,80,5148,ABARROTES,-46.642644,-107.810684,4,1
239217,80,5148,SUPERMERCADO,-47.112256,-107.977288,3,1
238878,80,5148,ABARROTES,-46.591358,-107.90005,3,1
238689,80,5148,ABARROTES,-46.86643,-107.952574,3,1
238068,80,5148,ABARROTES,-46.638864,-107.84946,4,1
237765,80,5148,ABARROTES,-47.122718,-107.96102,3,1
237300,80,5148,ABARROTES,-47.013048,-107.990032,3,1
237195,80,5148,ABARROTES,-46.721358,-107.86533,3,1
236766,80,5148,ABARROTES,-107.879946,-46.59852,3,1
236655,80,5148,ABARROTES,-46.58973,-107.8973,3,1
236520,80,5148,CANAL FRIO,-46.683488,-107.832764,4,1
235842,80,5148,ABARROTES,-46.604078,-107.876488,3,1
235191,80,5148,ABARROTES,-47.117614,-107.966082,3,1
234972,80,5148,ABARROTES,-46.691026,-107.92897,3,1
234297,80,5148,MAYORISTA,-46.697808,-107.83269,4,1
234030,80,5148,MAYORISTA,-47.119264,-107.97593,3,1
234018,80,5148,ABARROTES,-46.690786,-107.929212,3,1
232788,80,5148,ABARROTES,-46.693498,-107.92959,3,1
232656,80,5148,ABARROTES,-46.592908,-107.908656,3,1
232410,80,5148,MAYORISTA,-46.663051605224,-107.929382324218,3,1
232035,80,5148,MAYORISTA,-47.104746,-107.961038,3,1
231708,80,5148,ABARROTES,-46.597414,-107.931172,3,1
231282,80,5148,MAYORISTA,-47.104746,-107.96659,3,1
231144,80,5148,ABARROTES,-46.595074,-107.87453,3,1
231096,80,5148,ABARROTES,-46.5951108,-107.9293824,3,1
229812,80,5148,ABARROTES,-46.7228,-107.85503,3,1
229737,80,5148,ABARROTES,-46.596946,-107.902598,3,1
229341,80,5148,ABARROTES,-46.889112,-107.928834,3,1
228741,80,5148,ABARROTES,-46.728112,-107.868034,3,1
228024,80,5148,SUPERMERCADO,-46.611784,-107.862208,4,1
227310,80,5148,MAYORISTA,-47.113776,-107.973022,3,1
227115,80,5148,ABARROTES,-46.907336,-107.990944,3,1
226623,80,5148,ABARROTES,-46.6403556,-107.9414096,3,1
225699,80,5148,ABARROTES,-46.62004428,-107.8137354,4,1
224631,80,5148,ABARROTES,-46.590056,-107.897234,3,1
224526,80,5148,ABARROTES,-46.5985,-107.896264,3,1
223728,80,5148,ABARROTES,-46.7865634,-107.78114,3,1
222750,80,5148,ABARROTES,-46.634936,-107.91645,3,1
222540,80,5148,ABARROTES,-46.591136,-107.869442,3,1
222306,80,5148,ABARROTES,-46.903738,-107.988272,3,1
221610,80,5148,CANAL FRIO,-46.5924528,-107.890982,3,1
221526,80,5148,ABARROTES,-47.096674,-107.97108,3,1
221409,80,5148,ABARROTES,-46.644338,-107.852654,4,1
219456,80,5148,ABARROTES,-46.894046,-107.94413,3,1
219132,80,5148,ABARROTES,-46.613078,-107.940696,3,1
218673,80,5148,ABARROTES,-46.639488,-107.941114,3,1
217872,80,5148,ABARROTES,-46.7600438,-107.7650988,3,1
217293,80,5148,ABARROTES,-46.61206348,-107.9391134,3,1
216981,80,5148,ABARROTES,-46.5926036,-107.8766092,3,1
216495,80,5148,MAYORISTA,-46.592136,-107.889466,3,1
214968,80,5148,ABARROTES,-46.64778,-107.846656,4,1
212595,80,5148,ABARROTES,-46.639942,-107.850268,4,1
212571,80,5148,ABARROTES,-47.093584,-107.970566,3,1
212550,80,5148,ABARROTES,-46.593786,-107.893164,3,1
212475,80,5148,ABARROTES,-46.60838488,-107.8682972,3,1
212337,80,5148,ABARROTES,-46.885536,-107.946354,3,1
212181,80,5148,ABARROTES,-46.607668,-107.919936,3,1
211989,80,5148,ABARROTES,-46.889198,-107.940246,3,1
211965,80,5148,MAYORISTA,-47.116478,-107.976704,3,1
211950,80,5148,RESTAURANT,-47.111406,-107.977056,3,1
211767,80,5148,ABARROTES,-46.59659,-107.930918,3,1
211761,80,5148,ABARROTES,-46.625694,-107.847892,4,1
211548,80,5148,ABARROTES,-47.118598,-107.969878,3,1
211542,80,5148,ABARROTES,-47.10586,-107.961104,3,1
211413,80,5148,ABARROTES,-46.64468,-107.947644,3,1
210816,80,5148,ABARROTES,-46.597832,-107.87371,3,1
210813,80,5148,ABARROTES,-46.600906,-107.88204,3,1
210810,80,5148,ABARROTES,-46.591216,-107.884014,3,1
210690,80,5148,ABARROTES,-47.098852,-107.971398,3,1
210678,80,5148,ABARROTES,-47.02668,-107.99048,3,1
210408,80,5148,ABARROTES,-46.59023,-107.904074,3,1
210129,80,5148,ABARROTES,-47.107178,-107.961616,3,1
210120,80,5148,ABARROTES,-46.591918,-107.904044,3,1
210114,80,5148,ABARROTES,-46.722958,-107.863144,3,1
209880,80,5148,ABARROTES,-46.594306,-107.899932,3,1
209637,80,5148,MAYORISTA,-46.591888,-107.877692,3,1
209184,80,5148,ABARROTES,-46.68533,-107.830714,4,1
209154,80,5148,ABARROTES,-46.64234,-107.94086,3,1
208899,80,5148,ABARROTES,-47.10768,-107.96289,3,1
208893,80,5148,ABARROTES,-47.115522,-107.966906,3,1
208881,80,5148,RESTAURANT,-47.111414,-107.98068,3,1
208872,80,5148,RESTAURANT,-47.132104,-107.972976,3,1
208821,80,5148,ABARROTES,-47.089874,-107.974504,3,1
208812,80,5148,RESTAURANT,-46.75903,-107.772764,3,1
208806,80,5148,ABARROTES,-47.099928,-107.96759,3,1
208797,80,5148,MAYORISTA,-47.11885,-107.977866,3,1
208794,80,5148,RESTAURANT,-46.766426,-107.774434,3,1
208788,80,5148,MAYORISTA,-47.10408,-107.97204,3,1
208761,80,5148,ABARROTES,-47.111074,-107.97438,3,1
208758,80,5148,MAYORISTA,-46.771186,-107.730336,3,1
208740,80,5148,ABARROTES,-47.104628,-107.974016,3,1
208722,80,5148,ABARROTES,-47.104818,-107.973266,3,1
208692,80,5148,ABARROTES,-46.758708,-107.774032,3,1
208626,80,5148,ABARROTES,-47.098514,-107.973664,3,1
208617,80,5148,ABARROTES,-47.12034,-107.97088,4,1
208599,80,5148,RESTAURANT,-47.123442,-107.964694,3,1
208590,80,5148,ABARROTES,-47.1175,-107.974668,3,1
208584,80,5148,ABARROTES,-47.120742,-107.963144,3,1
208575,80,5148,MAYORISTA,-47.093344,-107.973834,3,1
208572,80,5148,ABARROTES,-47.11406,-107.97114,3,1
208566,80,5148,ABARROTES,-47.119736,-107.979816,3,1
208560,80,5148,ABARROTES,-47.1105,-107.97642,3,1
208554,80,5148,ABARROTES,-47.12184,-107.974696,3,1
208545,80,5148,ABARROTES,-47.109948,-107.96497,3,1
208539,80,5148,ABARROTES,-47.11383,-107.964414,3,1
208536,80,5148,ABARROTES,-47.104466,-107.960778,3,1
208533,80,5148,ABARROTES,-47.117312,-107.97562,3,1
208524,80,5148,ABARROTES,-47.110188,-107.969642,3,1
208521,80,5148,ABARROTES,-47.122634,-107.971282,3,1
208518,80,5148,SUPERMERCADO,-47.12184,-107.97326,3,1
208515,80,5148,MAYORISTA,-47.11039,-107.976336,3,1
208506,80,5148,ABARROTES,-47.104154,-107.967896,3,1
208503,80,5148,ABARROTES,-47.113704,-107.97297,3,1
208500,80,5148,ABARROTES,-47.10233,-107.966884,3,1
208491,80,5148,ABARROTES,-47.100868,-107.970838,3,1
208488,80,5148,RESTAURANT,-47.097578,-107.971896,3,1
208485,80,5148,ABARROTES,-47.100186,-107.97368,3,1
208482,80,5148,ABARROTES,-47.098206,-107.97473,3,1
208479,80,5148,ABARROTES,-47.097922,-107.975794,3,1
208476,80,5148,ABARROTES,-47.109266,-107.973108,3,1
208473,80,5148,ABARROTES,-46.608188,-107.868206,4,1
208209,80,5148,ABARROTES,-46.60178,-107.86754,3,1
208206,80,5148,ABARROTES,-46.59548,-107.90364,3,1
207390,80,5148,ABARROTES,-46.88546,-107.94126,3,1
207345,80,5148,ABARROTES,-46.418098,-107.425612,4,1
206343,80,5148,MAYORISTA,-46.447638,-107.106846,4,1
205731,80,5148,ABARROTES,-46.906124,-107.98807,3,1
205665,80,5148,ABARROTES,-46.906712,-107.989172,3,1
205662,80,5148,ABARROTES,-46.903402,-107.989908,3,1
205353,80,5148,ABARROTES,-46.595644,-107.910906,3,1
205188,80,5148,ABARROTES,-47.1210886,-107.9627392,3,1
204795,80,5148,MAYORISTA,-46.889826,-107.941884,3,1
204483,80,5148,ABARROTES,-46.59242,-107.91084,3,1
203727,80,5148,ABARROTES,-46.889002,-107.939656,3,1
203724,80,5148,MAYORISTA,-46.888206,-107.942306,3,1
203709,80,5148,ABARROTES,-46.877134,-107.94664,3,1
203706,80,5148,ABARROTES,-46.87713,-107.946592,3,1
203532,80,5148,ABARROTES,-46.889422,-107.94652,3,1
203517,80,5148,ABARROTES,-46.597566,-107.907222,3,1
203388,80,5148,ABARROTES,-46.876498,-107.943748,3,1
203328,80,5148,ABARROTES,-46.920416,-108.022484,3,1
203322,80,5148,ABARROTES,-46.901456,-107.988262,3,1
203316,80,5148,ABARROTES,-46.90014,-107.988434,3,1
203310,80,5148,ABARROTES,-46.900024,-107.988288,3,1
203301,80,5148,ABARROTES,-46.8846,-107.951046,3,1
203295,80,5148,ABARROTES,-46.88459,-107.950936,3,1
202959,80,5148,MAYORISTA,-46.8738156,-107.9436924,3,1
201852,80,5148,ABARROTES,-46.59263,-107.874876,3,1
201837,80,5148,ABARROTES,-47.1016048,-107.966328,3,1
201564,80,5148,ABARROTES,-46.889734,-107.94797,3,1
201282,80,5148,MAYORISTA,-46.727686,-107.860062,3,1
201030,80,5148,ABARROTES,-46.5905456,-107.8720902,3,1
200964,80,5148,TIENDA DE CONVENIENCIA,-46.687928,-107.831492,4,1
200508,80,5148,ABARROTES,-46.88814,-107.939868,3,1
200502,80,5148,ABARROTES,-47.110894,-107.9742,3,1
200259,80,5148,MAYORISTA,-46.594038,-107.878056,3,1
198945,80,5148,ABARROTES,-46.591256,-107.89754,3,1
198882,80,5148,MAYORISTA,-47.1177388,-107.969738,3,1
198573,80,5148,MAYORISTA,-46.596344,-107.905098,3,1
198534,80,5148,MAYORISTA,-46.592088,-107.915934,3,1
198210,80,5148,MAYORISTA,-46.590718,-107.897448,3,1
197286,80,5148,MAYORISTA,-47.111792308792,-107.974665164,3,1
196455,80,5148,ABARROTES,-47.108204,-107.97349,3,1
195723,80,5148,MAYORISTA,-46.690182,-107.831546,4,1
195507,80,5148,ABARROTES,-46.890188,-107.94614,3,1
195063,80,5148,ABARROTES,-46.594456,-107.870684,3,1
194718,80,5148,MAYORISTA,-47.09659,-107.964488,3,1
194388,80,5148,ABARROTES,-46.80302,-107.69546,3,1
189012,80,5148,ABARROTES,-46.590214,-107.890216,4,1
187395,80,5148,ABARROTES,-46.594578,-107.90003,3,1
186990,80,5148,ABARROTES,-46.59942,-107.889568,3,1
186657,80,5148,ABARROTES,-46.594406,-107.870518,3,1
185244,80,5148,ABARROTES,-46.591758,-107.89972,3,1
184950,80,5148,RESTAURANT,-46.61804,-107.940482,3,1
184674,80,5148,ABARROTES,-46.595562,-107.928328,3,1
183912,80,5148,ABARROTES,-46.594018,-107.878458,3,1
183786,80,5148,ABARROTES,-46.593198,-107.926176,3,1
183450,80,5148,ABARROTES,-46.59132,-107.871174,3,1
181203,80,5148,ABARROTES,-46.592246,-107.889308,3,1
179436,80,5148,ABARROTES,-46.594768,-107.893092,3,1
178458,80,5148,MAYORISTA,-46.594076,-107.874484,3,1
177672,80,5148,ABARROTES,-46.60179,-107.877746,3,1
176595,80,5148,ABARROTES,-46.592846,-107.878024,3,1
172035,80,5148,ABARROTES,-46.59163,-107.874914,3,1
171939,80,5148,ABARROTES,-46.611124,-107.863786,4,1
166599,80,5148,ABARROTES,-46.627452,-107.851668,4,1
165126,80,5148,ABARROTES,-107.899346,-46.591584,3,1
163251,80,5148,ABARROTES,-46.59572,-107.87758,3,1
162624,80,5148,ABARROTES,-46.59127,-107.893376,3,1
161283,80,5148,ABARROTES,-46.59359,-107.897496,3,1
160770,80,5148,ABARROTES,-46.723112,-107.863726,3,1
160029,80,5148,MAYORISTA,-46.905858,-107.991492,3,1
159027,80,5148,ABARROTES,-47.118912,-107.961692,3,1
158499,80,5148,ABARROTES,-46.639724,-107.850454,4,1
157680,80,5148,ABARROTES,-47.117844,-107.97678,3,1
157080,80,5148,ABARROTES,-46.594994,-107.894902,3,1
154560,80,5148,ABARROTES,-46.59266,-107.9084,3,1
154551,80,5148,ABARROTES,-46.594878,-107.899484,3,1
154542,80,5148,ABARROTES,-46.591178,-107.899702,3,1
154383,80,5148,ABARROTES,-46.59397,-107.926124,3,1
154374,80,5148,ABARROTES,-46.591714,-107.91954,3,1
153438,80,5148,ABARROTES,-46.59127,-107.890364,3,1
153348,80,5148,ABARROTES,-46.59325,-107.872178,3,1
129204,80,5148,ABARROTES,-47.10355,-107.978254,3,1
128469,80,5148,ABARROTES,-46.722186,-107.857682,3,1
123150,80,5148,ABARROTES,-46.69453,-107.832138,4,1
80925,80,5148,ABARROTES,-46.765896,-107.74115,3,1
72918,80,5148,ABARROTES,-46.61186,-107.939622,3,1
72900,80,5148,RESTAURANT,-46.903004,-107.989614,3,1
72561,80,5148,ABARROTES,-46.592642,-107.908052,3,1
72312,80,5148,ABARROTES,-46.646854,-107.846634,4,1
72108,80,5148,ABARROTES,-46.72182,-107.851478,3,1
66843,80,5148,MAYORISTA,-46.592452,-107.87484,3,1
65058,80,5148,ABARROTES,-46.59218,-107.890838,3,1
65052,80,5148,ABARROTES,-46.590978,-107.894842,3,1
64845,80,5148,ABARROTES,-46.591502,-107.919852,4,1
61629,80,5148,ABARROTES,-47.11868,-107.97218,3,1
61215,80,5148,ABARROTES,-47.104134,-107.95984,3,1
25749,80,5148,MAYORISTA,-46.595602,-107.903428,3,1
25743,80,5148,RESTAURANT,-46.60644,-107.879716,3,1
256029,80,5148,SUPERMERCADO,-46.551802,-107.898322,1,1
255954,80,5148,ABARROTES,-46.557392,-107.891926,1,1
255264,80,5148,CANAL FRIO,-46.548806,-107.897674,1,1
254787,80,5148,MAYORISTA,-46.54892,-107.89322,1,1
254400,80,5148,MAYORISTA,-46.547234,-107.920318,3,1
252057,80,5148,CANAL FRIO,-46.555814,-107.89826,3,1
251817,80,5148,CANAL FRIO,-46.5484,-107.89886,3,1
251391,80,5148,CANAL FRIO,-46.5473786,-107.8892872,2,1
250284,80,5148,CANAL FRIO,-46.560212,-107.896668,3,1
249573,80,5148,CANAL FRIO,-46.566498,-107.89434,3,1
247002,80,5148,MAYORISTA,-46.542156,-107.880576,3,1
246033,80,5148,CANAL FRIO,-46.562386,-107.88978,3,1
245868,80,5148,CANAL FRIO,-46.5483,-107.900772,3,1
245631,80,5148,ABARROTES,-46.552598,-107.899468,3,1
244971,80,5148,CANAL FRIO,-46.548378,-107.888458,3,1
244404,80,5148,MAYORISTA,-46.575824,-107.922374,4,1
244287,80,5148,MAYORISTA,-46.534104,-107.892816,3,1
242130,80,5148,CANAL FRIO,-46.546506,-107.894,3,1
241218,80,5148,CANAL FRIO,-46.530238,-107.883766,3,1
238293,80,5148,MAYORISTA,-46.541654,-107.892446,3,1
236226,80,5148,MAYORISTA,-46.569118,-107.88177,3,1
234951,80,5148,CANAL FRIO,-46.539202,-107.88014,3,1
233163,80,5148,SUPERMERCADO,-46.56089,-107.890808,3,1
232503,80,5148,MAYORISTA,-46.551906,-107.898296,3,1
232266,80,5148,CANAL FRIO,-46.5482908,-107.8915492,3,1
231459,80,5148,ABARROTES,-46.5355788,-107.9240768,3,1
231102,80,5148,ABARROTES,-46.574078,-107.879752,3,1
230091,80,5148,MAYORISTA,-46.548572,-107.90386,3,1
229539,80,5148,MAYORISTA,-46.5609006,-107.8976068,4,1
229527,80,5148,MAYORISTA,-46.54308,-107.892258,3,1
228564,80,5148,ABARROTES,-46.55725,-107.88604,3,1
227292,80,5148,MAYORISTA,-46.564278,-107.867672,3,1
226140,80,5148,MAYORISTA,-46.55935668,-107.8979034,4,1
225987,80,5148,MAYORISTA,-46.54848,-107.924086,2,1
225672,80,5148,MAYORISTA,-46.546438,-107.911624,4,1
224208,80,5148,CANAL FRIO,-46.543014,-107.879608,3,1
223401,80,5148,MAYORISTA,-46.542632,-107.889792,3,1
223089,80,5148,CANAL FRIO,-46.548406,-107.905894,3,1
221331,80,5148,MAYORISTA,-46.560094,-107.898302,4,1
221247,80,5148,CANAL FRIO,-46.540904,-107.888264,3,1
220269,80,5148,MAYORISTA,-46.54839,-107.898986,3,1
216564,80,5148,CANAL FRIO,-46.549018,-107.894622,3,1
216309,80,5148,MAYORISTA,-46.548826,-107.895984,3,1
215298,80,5148,MAYORISTA,-46.541326,-107.898736,3,1
213978,80,5148,MAYORISTA,-46.5331108,-107.885298,3,1
213885,80,5148,TIENDA DE CONVENIENCIA,-46.529654,-107.88193,3,1
212379,80,5148,MAYORISTA,-46.542064,-107.880544,4,1
212235,80,5148,MAYORISTA,-46.547664,-107.908178,4,1
212220,80,5148,MAYORISTA,-46.539972,-107.879988,3,1
211749,80,5148,MAYORISTA,-46.561986,-107.896666,4,1
211140,80,5148,CANAL FRIO,-46.548552,-107.896316,3,1
210933,80,5148,CANAL FRIO,-46.568396,-107.905294,3,1
210615,80,5148,MINIMARKET,-46.546364,-107.901614,3,1
209625,80,5148,CANAL FRIO,-46.574048,-107.909618,4,1
207222,80,5148,MAYORISTA,-46.549482,-107.880012,3,1
206301,80,5148,ABARROTES,-46.568794,-107.892986,2,1
205995,80,5148,RESTAURANT,-46.568552,-107.902196,4,1
205821,80,5148,MAYORISTA,-46.544008,-107.880344,3,1
205191,80,5148,MAYORISTA,-46.576622,-107.884088,3,1
204924,80,5148,CANAL FRIO,-46.548774,-107.900388,3,1
204189,80,5148,MINIMARKET,-46.535246,-107.881544,3,1
201522,80,5148,MAYORISTA,-46.53398528,-107.8882064,3,1
198981,80,5148,MAYORISTA,-46.557886,-107.8655726,3,1
197595,80,5148,RESTAURANT,-46.5723149,-107.87280212,3,1
194904,80,5148,MAYORISTA,-46.55934,-107.937598,4,1
194883,80,5148,MAYORISTA,-46.562446,-107.936718,4,1
194601,80,5148,MINIMARKET,-46.56565,-107.901362,4,1
193965,80,5148,TIENDA DE CONVENIENCIA,-46.52088,-107.878382,3,1
192549,80,5148,CANAL FRIO,-46.556078,-107.896332,3,1
191892,80,5148,MAYORISTA,-46.5368,-107.89236,3,1
191316,80,5148,CANAL FRIO,-46.534646,-107.890866,3,1
191256,80,5148,CANAL FRIO,-46.548164,-107.903526,3,1
191232,80,5148,ABARROTES,-46.562732,-107.935858,4,1
188787,80,5148,MAYORISTA,-46.55402,-107.9096,3,1
188331,80,5148,MAYORISTA,-46.555006,-107.893464,3,1
187797,80,5148,MAYORISTA,-46.571866,-107.923714,4,1
187707,80,5148,MAYORISTA,-46.576906,-107.892306,3,1
187386,80,5148,CANAL FRIO,-46.56579,-107.891516,3,1
187101,80,5148,RESTAURANT,-46.546734,-107.924166,3,1
186987,80,5148,RESTAURANT,-46.555496,-107.900326,3,1
186933,80,5148,MINIMARKET,-46.540246,-107.882304,3,1
186384,80,5148,ABARROTES,-46.576354,-107.904974,4,1
186177,80,5148,MAYORISTA,-46.54755,-107.920342,3,1
184863,80,5148,MAYORISTA,-46.552974,-107.894518,3,1
183573,80,5148,RESTAURANT,-46.558562,-107.885494,3,1
183492,80,5148,MAYORISTA,-46.569344,-107.881292,3,1
183489,80,5148,MAYORISTA,-46.547212,-107.88024,3,1
183387,80,5148,ABARROTES,-46.564182,-107.867722,3,1
183366,80,5148,CANAL FRIO,-46.54102,-107.888612,3,1
183195,80,5148,MAYORISTA,-46.54866,-107.89988,3,1
183105,80,5148,MAYORISTA,-46.538704,-107.879992,3,1
182565,80,5148,ABARROTES,-46.546928,-107.872164,3,1
181110,80,5148,CANAL FRIO,-46.55622,-107.89462,3,1
180801,80,5148,CANAL FRIO,-46.561692,-107.896586,4,1
179853,80,5148,CANAL FRIO,-46.562264,-107.898248,4,1
179496,80,5148,ABARROTES,-46.560024,-107.935374,4,1
178830,80,5148,MAYORISTA,-46.547304,-107.880144,3,1
178230,80,5148,MAYORISTA,-46.544056,-107.894194,3,1
176643,80,5148,ABARROTES,-46.543418,-107.863632,3,1
176403,80,5148,MAYORISTA,-46.539716,-107.880016,3,1
175266,80,5148,ABARROTES,-46.55724,-107.88584,3,1
172704,80,5148,MAYORISTA,-46.571296,-107.90912,4,1
172503,80,5148,ABARROTES,-46.545756,-107.868398,3,1
172008,80,5148,MAYORISTA,-46.536254,-107.892356,3,1
166356,80,5148,RESTAURANT,-46.56692,-107.90332,4,1
166128,80,5148,RESTAURANT,-46.557146,-107.88535,3,1
165045,80,5148,CANAL FRIO,-46.567124,-107.898556,4,1
163554,80,5148,CANAL FRIO,-46.55764,-107.89668,3,1
162810,80,5148,MINIMARKET,-46.562024,-107.888116,3,1
157500,80,5148,MAYORISTA,-46.54951,-107.870668,3,1
157185,80,5148,RESTAURANT,-46.572314,-107.872802,3,1
156486,80,5148,MAYORISTA,-46.54942,-107.875074,3,1
156057,80,5148,MAYORISTA,-46.55322,-107.8945,3,1
155403,80,5148,ABARROTES,-46.55922,-107.88648,3,1
155097,80,5148,ABARROTES,-46.549368,-107.926898,3,1
154779,80,5148,CANAL FRIO,-46.55906,-107.89464,3,1
154758,80,5148,CANAL FRIO,-46.560848,-107.896412,4,1
154713,80,5148,MINIMARKET,-46.557504,-107.893694,3,1
154698,80,5148,CANAL FRIO,-46.552232,-107.894488,3,1
154665,80,5148,RESTAURANT,-46.546154,-107.894718,3,1
154275,80,5148,RESTAURANT,-46.56863,-107.90082,4,1
154098,80,5148,ABARROTES,-46.54286,-107.8716,3,1
154068,80,5148,ABARROTES,-46.546818,-107.875616,3,1
153885,80,5148,ABARROTES,-46.55283588,-107.8714842,3,1
153813,80,5148,CANAL FRIO,-46.554952,-107.892978,3,1
153303,80,5148,RESTAURANT,-46.558594,-107.88484,3,1
128538,80,5148,CANAL FRIO,-46.541672,-107.892464,3,1
128526,80,5148,MAYORISTA,-46.537758,-107.908336,3,1
88920,80,5148,ABARROTES,-46.5364,-107.885828,3,1
72930,80,5148,MAYORISTA,-46.56298,-107.922956,4,1
72045,80,5148,MAYORISTA,-46.577054,-107.884496,3,1
71274,80,5148,MINIMARKET,-46.55064,-107.894794,3,1
71271,80,5148,MINIMARKET,-46.538894,-107.892938,3,1
68676,80,5148,ABARROTES,-46.55927,-107.886438,3,1
65598,80,5148,CANAL FRIO,-46.548666,-107.894736,3,1
62817,80,5148,MAYORISTA,-46.547492,-107.922436,3,1
62337,80,5148,CANAL FRIO,-46.548508,-107.896706,3,1
61899,80,5148,MAYORISTA,-46.557632,-107.89647,3,1
61482,80,5148,MAYORISTA,-46.5474,-107.894382,3,1
60888,80,5148,MAYORISTA,-46.548008,-107.91799,3,1
60762,80,5148,CANAL FRIO,-46.53326,-107.88674,3,1
255984,80,5148,ABARROTES,-46.581162,-107.911156,1,1
255492,80,5148,ABARROTES,-46.563228,-107.918696,1,1
255489,80,5148,ABARROTES,-46.588162,-107.894692,1,1
255315,80,5148,ABARROTES,-46.593096,-107.764414,1,1
254265,80,5148,ABARROTES,-46.60802,-107.8719,3,1
254118,80,5148,ABARROTES,-46.57918,-107.9097,3,1
254004,80,5148,ABARROTES,-46.561188,-107.931824,3,1
253899,80,5148,ABARROTES,-46.56576,-107.88952,3,1
253671,80,5148,ABARROTES,-46.609874,-107.874268,3,1
253125,80,5148,ABARROTES,-46.575824,-107.907144,3,1
251766,80,5148,ABARROTES,-46.585936,-107.859268,2,1
251610,80,5148,ABARROTES,-46.581268,-107.907578,3,1
251106,80,5148,ABARROTES,-46.566578,-107.76928,2,1
250977,80,5148,ABARROTES,-46.572088,-107.924924,3,1
250782,80,5148,ABARROTES,-46.584458,-107.883708,3,1
249930,80,5148,ABARROTES,-46.586122,-107.853448,3,1
249687,80,5148,ABARROTES,-46.566616,-107.765838,3,1
249294,80,5148,MAYORISTA,-46.689578,-108.092994,3,1
249159,80,5148,ABARROTES,-46.571734,-107.758076,3,1
248796,80,5148,SUPERMERCADO,-46.593048,-107.874298,4,1
248598,80,5148,ABARROTES,-46.749852,-107.79237,2,1
248205,80,5148,ABARROTES,-46.566496,-107.918572,3,1
247878,80,5148,ABARROTES,-46.571284,-107.874218,3,1
247548,80,5148,ABARROTES,-46.583422,-107.885584,3,1
247374,80,5148,ABARROTES,-46.566632,-107.880758,3,1
246150,80,5148,ABARROTES,-46.582836,-107.90351,3,1
246099,80,5148,MAYORISTA,-46.566382,-107.91852,4,1
246054,80,5148,ABARROTES,-46.568982,-107.875794,3,1
245826,80,5148,ABARROTES,-46.59284,-107.852208,3,1
244680,80,5148,ABARROTES,-46.56384,-107.936536,4,1
244575,80,5148,ABARROTES,-46.575974,-107.947334,4,1
244479,80,5148,ABARROTES,-46.578926,-107.914348,3,1
244446,80,5148,ABARROTES,-46.58506,-107.88833,3,1
244278,80,5148,ABARROTES,-46.565296,-107.832114,3,1
244158,80,5148,ABARROTES,-46.5629,-107.863908,3,1
244005,80,5148,ABARROTES,-46.58349,-107.89742,3,1
243390,80,5148,ABARROTES,-46.54821,-107.903774,3,1
241329,80,5148,ABARROTES,-46.569608,-107.88641,3,1
239577,80,5148,ABARROTES,-46.585986,-107.858886,3,1
239508,80,5148,ABARROTES,-46.574412,-107.891822,3,1
238875,80,5148,ABARROTES,-46.58876,-107.908344,3,1
238608,80,5148,ABARROTES,-46.57292,-107.875802,3,1
238536,80,5148,CANAL FRIO,-46.573386,-107.910126,3,1
237804,80,5148,ABARROTES,-46.587054,-107.903832,3,1
236973,80,5148,SUPERMERCADO,-47.10429,-107.9723,3,1
236775,80,5148,ABARROTES,-46.599202,-107.75942,3,1
236115,80,5148,ABARROTES,-46.573126,-107.814726,3,1
235458,80,5148,ABARROTES,-46.56761,-107.902048,3,1
235335,80,5148,SUPERMERCADO,-46.567488,-107.90149,3,1
235299,80,5148,ABARROTES,-46.590932,-107.794104,3,1
234864,80,5148,ABARROTES,-46.576924,-107.878926,3,1
233970,80,5148,ABARROTES,-46.566242,-107.832478,3,1
232827,80,5148,MAYORISTA,-46.575506,-107.94758,4,1
232665,80,5148,ABARROTES,-46.576232,-107.888504,3,1
231909,80,5148,ABARROTES,-46.569114,-107.925588,4,1
231225,80,5148,ABARROTES,-46.57272,-107.899874,3,1
230331,80,5148,ABARROTES,-46.59887,-107.757356,3,1
229536,80,5148,MAYORISTA,-46.575794,-107.881494,3,1
228687,80,5148,CANAL FRIO,-46.586544,-107.89921,3,1
228438,80,5148,ABARROTES,-46.563286,-107.851242,3,1
225276,80,5148,ABARROTES,-46.574844,-107.943354,4,1
224931,80,5148,ABARROTES,-46.5883556,-107.9077978,3,1
224874,80,5148,CANAL FRIO,-46.57091088,-107.8950596,3,1
224211,80,5148,MAYORISTA,-46.5764028,-107.8902522,3,1
224169,80,5148,RESTAURANT,-46.5684348,-107.9040646,3,1
223968,80,5148,MAYORISTA,-46.5677584,-107.8774346,3,1
223104,80,5148,SUPERMERCADO,-46.5688432,-107.9155206,3,1
222906,80,5148,MAYORISTA,-46.585114,-107.893136,3,1
222894,80,5148,ABARROTES,-46.5800458,-107.8680208,3,1
222621,80,5148,ABARROTES,-46.5847912,-107.9002092,3,1
222516,80,5148,ABARROTES,-46.874724,-107.938034,4,1
222159,80,5148,ABARROTES,-46.588802,-107.866078,4,1
221196,80,5148,ABARROTES,-47.11862828,-107.978688,4,1
221115,80,5148,ABARROTES,-46.56196988,-107.7981338,3,1
220218,80,5148,ABARROTES,-46.5851828,-107.907684,3,1
220095,80,5148,ABARROTES,-46.56074,-107.9259184,4,1
220011,80,5148,ABARROTES,-46.58646088,-107.8010698,3,1
219420,80,5148,ABARROTES,-46.5743026,-107.8196276,3,1
219048,80,5148,ABARROTES,-46.564494,-107.927506,4,1
217002,80,5148,ABARROTES,-46.5830308,-107.8511468,3,1
216948,80,5148,ABARROTES,-46.566596,-107.8806766,3,1
216180,80,5148,ABARROTES,-46.56826,-107.880788,2,1
216108,80,5148,ABARROTES,-46.5665278,-107.8322468,3,1
216033,80,5148,ABARROTES,-46.569588,-107.905366,4,1
214506,80,5148,ABARROTES,-46.571206,-107.95369,4,1
214194,80,5148,ABARROTES,-46.5693028,-107.8698258,3,1
213102,80,5148,MAYORISTA,-46.586822,-107.864696,3,1
212592,80,5148,ABARROTES,-46.561396,-107.93164,4,1
212397,80,5148,ABARROTES,-46.552418,-107.899368,3,1
212283,80,5148,ABARROTES,-46.58777868,-107.9139144,3,1
212211,80,5148,MAYORISTA,-46.589384,-107.922798,4,1
211947,80,5148,ABARROTES,-47.102768,-107.971644,4,1
211815,80,5148,ABARROTES,-46.564676,-107.823866,3,1
211683,80,5148,ABARROTES,-46.577588,-107.916162,3,1
211632,80,5148,ABARROTES,-46.567354,-107.875302,3,1
211236,80,5148,ABARROTES,-46.557198,-107.952482,4,1
211047,80,5148,ABARROTES,-46.576748,-107.91619,3,1
210954,80,5148,ABARROTES,-46.587776,-107.897024,3,1
210795,80,5148,ABARROTES,-46.56238,-107.87648,3,1
210627,80,5148,ABARROTES,-46.576088,-107.904762,3,1
210342,80,5148,ABARROTES,-46.57663,-107.878416,3,1
210111,80,5148,ABARROTES,-46.576244,-107.907128,3,1
210045,80,5148,ABARROTES,-46.586834,-107.9258,4,1
209970,80,5148,ABARROTES,-46.610296,-107.868208,4,1
209799,80,5148,ABARROTES,-46.549004,-107.890632,3,1
209094,80,5148,ABARROTES,-46.562304,-107.883418,3,1
208911,80,5148,ABARROTES,-47.099032,-107.965392,4,1
208509,80,5148,ABARROTES,-46.723876,-107.865174,4,1
208449,80,5148,ABARROTES,-46.57216,-107.923414,4,1
208092,80,5148,CANAL FRIO,-46.566064,-107.921702,4,1
207618,80,5148,ABARROTES,-46.568094,-107.922066,4,1
207597,80,5148,ABARROTES,-46.56078,-107.92352,4,1
207465,80,5148,ABARROTES,-46.579162,-107.879776,3,1
207396,80,5148,ABARROTES,-46.56674,-107.93686,4,1
206304,80,5148,ABARROTES,-46.585704,-107.886896,3,1
205815,80,5148,ABARROTES,-46.57184,-107.87808,3,1
205812,80,5148,ABARROTES,-46.563476,-107.863832,3,1
205332,80,5148,SUPERMERCADO,-46.58862508,-107.900125,3,1
204759,80,5148,ABARROTES,-46.578714,-107.910918,4,1
204654,80,5148,ABARROTES,-46.56587,-107.935826,4,1
204276,80,5148,ABARROTES,-46.566306,-107.87501,3,1
204243,80,5148,ABARROTES,-46.587568,-107.911872,3,1
204228,80,5148,ABARROTES,-46.58684,-107.9166,3,1
204093,80,5148,ABARROTES,-46.591336,-107.86161,3,1
204057,80,5148,ABARROTES,-46.574386,-107.881276,3,1
199854,80,5148,SUPERMERCADO,-46.557872,-107.959534,4,1
199242,80,5148,MAYORISTA,-46.576632,-107.884314,3,1
198873,80,5148,MAYORISTA,-46.586601257324,-107.899703978,3,1
198792,80,5148,ABARROTES,-46.5680252,-107.821688,3,1
198279,80,5148,SUPERMERCADO,-46.57224,-107.9412,4,1
197835,80,5148,ABARROTES,-46.581922,-107.90152,3,1
195771,80,5148,ABARROTES,-46.5766582,-107.910169,3,1
195249,80,5148,ABARROTES,-46.584736,-107.892452,3,1
194082,80,5148,MAYORISTA,-46.591842,-107.85668,3,1
193542,80,5148,RESTAURANT,-46.565448,-107.894928,3,1
192735,80,5148,ABARROTES,-46.581626,-107.907836,3,1
192717,80,5148,ABARROTES,-46.587794,-107.897674,3,1
192300,80,5148,ABARROTES,-46.576272,-107.901236,3,1
191451,80,5148,ABARROTES,-46.57111,-107.868756,3,1
191226,80,5148,ABARROTES,-46.58182,-107.901382,3,1
191223,80,5148,ABARROTES,-46.575998,-107.946442,4,1
189009,80,5148,ABARROTES,-46.575464,-107.87891,3,1
188961,80,5148,ABARROTES,-46.59122,-107.86628,3,1
188847,80,5148,ABARROTES,-46.575542,-107.879528,3,1
188604,80,5148,ABARROTES,-46.562098,-107.92956,4,1
188481,80,5148,MAYORISTA,-46.596382,-107.874478,4,1
188343,80,5148,ABARROTES,-46.55856,-107.94052,4,1
188265,80,5148,ABARROTES,-46.563232,-107.914118,4,1
188196,80,5148,ABARROTES,-46.574998,-107.925374,4,1
188106,80,5148,ABARROTES,-46.569174,-107.893298,3,1
187875,80,5148,ABARROTES,-46.560924,-107.934922,4,1
187263,80,5148,ABARROTES,-46.56936,-107.87134,3,1
186882,80,5148,ABARROTES,-46.573326,-107.801844,3,1
186078,80,5148,ABARROTES,-46.560764,-107.91804,3,1
185817,80,5148,MAYORISTA,-46.573998,-107.909476,4,1
185067,80,5148,ABARROTES,-46.581454,-107.9112,3,1
184698,80,5148,ABARROTES,-46.575006,-107.927388,4,1
184635,80,5148,ABARROTES,-46.588896,-107.915846,3,1
184509,80,5148,ABARROTES,-46.587568,-107.8983,3,1
184113,80,5148,ABARROTES,-46.581652,-107.907532,3,1
183813,80,5148,ABARROTES,-46.576754,-107.887524,3,1
183672,80,5148,ABARROTES,-46.58646,-107.92248,4,1
183666,80,5148,ABARROTES,-46.576486,-107.91387,3,1
183645,80,5148,ABARROTES,-46.587646,-107.89114,3,1
183576,80,5148,RESTAURANT,-46.580434,-107.869104,3,1
183390,80,5148,CANAL FRIO,-46.577596,-107.889974,3,1
182292,80,5148,ABARROTES,-46.589088,-107.922868,4,1
181860,80,5148,ABARROTES,-46.593696,-107.790798,3,1
181746,80,5148,ABARROTES,-46.57669,-107.886296,3,1
181662,80,5148,ABARROTES,-46.563222,-107.913772,3,1
181593,80,5148,ABARROTES,-46.588234,-107.879544,3,1
181371,80,5148,ABARROTES,-46.581772,-107.901184,3,1
179700,80,5148,ABARROTES,-46.577276,-107.928056,4,1
178818,80,5148,ABARROTES,-46.584054,-107.908294,2,1
178761,80,5148,ABARROTES,-46.564494,-107.87043,3,1
178068,80,5148,ABARROTES,-46.578726,-107.911872,3,1
177921,80,5148,ABARROTES,-46.58778,-107.88946,3,1
177903,80,5148,ABARROTES,-46.585482,-107.904392,3,1
177474,80,5148,ABARROTES,-46.563056,-107.865412,3,1
176319,80,5148,ABARROTES,-46.581568,-107.88986,3,1
175878,80,5148,ABARROTES,-46.565654,-107.86245,3,1
175293,80,5148,RESTAURANT,-46.589928,-107.919524,4,1
174195,80,5148,ABARROTES,-46.58706,-107.907588,3,1
173940,80,5148,ABARROTES,-46.584784,-107.866026,3,1
173796,80,5148,ABARROTES,-46.581694,-107.8899,3,1
173667,80,5148,RESTAURANT,-46.5683,-107.903494,4,1
172695,80,5148,ABARROTES,-46.572,-107.81912,3,1
172590,80,5148,ABARROTES,-46.563216,-107.8691,3,1
172056,80,5148,MAYORISTA,-46.56452788,-107.9276514,4,1
167676,80,5148,ABARROTES,-46.557246,-107.88789,3,1
167364,80,5148,SUPERMERCADO,-46.57756,-107.894496,3,1
167316,80,5148,ABARROTES,-46.561052,-107.798438,3,1
167256,80,5148,ABARROTES,-46.576806,-107.907712,3,1
167082,80,5148,CANAL FRIO,-46.589166,-107.903954,3,1
166995,80,5148,ABARROTES,-46.568168,-107.832424,3,1
166437,80,5148,ABARROTES,-46.56868,-107.892444,3,1
166029,80,5148,ABARROTES,-46.587044,-107.88139,3,1
166005,80,5148,ABARROTES,-46.58149,-107.811626,3,1
166002,80,5148,ABARROTES,-46.5806,-107.81276,3,1
165927,80,5148,ABARROTES,-46.57108,-107.818918,3,1
165915,80,5148,ABARROTES,-46.590654,-107.872894,3,1
165312,80,5148,ABARROTES,-46.569094,-107.879406,3,1
165132,80,5148,ABARROTES,-46.588858,-107.914668,3,1
164661,80,5148,RESTAURANT,-46.58098,-107.8119,3,1
164640,80,5148,ABARROTES,-46.575322,-107.944704,4,1
164631,80,5148,ABARROTES,-46.569148,-107.876068,3,1
164064,80,5148,RESTAURANT,-46.56856,-107.902864,3,1
162843,80,5148,ABARROTES,-46.580846,-107.907686,3,1
162603,80,5148,ABARROTES,-46.56934,-107.87124,3,1
161526,80,5148,ABARROTES,-46.57877,-107.909926,3,1
161403,80,5148,ABARROTES,-46.58703,-107.863948,3,1
161058,80,5148,ABARROTES,-46.572394,-107.941082,4,1
159963,80,5148,ABARROTES,-46.560968,-107.937016,3,1
159330,80,5148,ABARROTES,-46.57106,-107.871844,3,1
159033,80,5148,ABARROTES,-46.588348,-107.879382,3,1
157938,80,5148,ABARROTES,-46.572332,-107.873246,3,1
157398,80,5148,ABARROTES,-46.566784,-107.915334,3,1
156489,80,5148,ABARROTES,-46.567954,-107.903434,4,1
156063,80,5148,ABARROTES,-46.585026,-107.924974,4,1
156024,80,5148,ABARROTES,-46.57651,-107.896312,3,1
155556,80,5148,ABARROTES,-46.590344,-107.875154,3,1
155481,80,5148,MAYORISTA,-46.589646,-107.874874,4,1
155271,80,5148,ABARROTES,-46.582494,-107.884346,3,1
154953,80,5148,ABARROTES,-46.56069,-107.925624,4,1
154887,80,5148,ABARROTES,-46.563154,-107.91676,3,1
154770,80,5148,ABARROTES,-46.571936,-107.88493,3,1
154578,80,5148,ABARROTES,-46.587344,-107.899864,3,1
154518,80,5148,ABARROTES,-46.586746,-107.903814,3,1
154509,80,5148,ABARROTES,-46.585736,-107.903748,3,1
154506,80,5148,ABARROTES,-46.584438,-107.903528,3,1
154494,80,5148,ABARROTES,-46.584166,-107.907242,3,1
154485,80,5148,ABARROTES,-46.581562,-107.907302,3,1
154476,80,5148,ABARROTES,-46.579656,-107.907664,3,1
154473,80,5148,ABARROTES,-46.581472,-107.910006,3,1
154434,80,5148,ABARROTES,-46.578296,-107.927408,4,1
154404,80,5148,ABARROTES,-46.585672,-107.922654,4,1
154245,80,5148,RESTAURANT,-46.568332,-107.90355,3,1
154167,80,5148,ABARROTES,-46.573936,-107.90336,3,1
154146,80,5148,ABARROTES,-46.569766,-107.912872,3,1
154119,80,5148,ABARROTES,-46.56537,-107.90525,3,1
153999,80,5148,ABARROTES,-46.569334,-107.87414,3,1
153882,80,5148,ABARROTES,-46.56591,-107.86186,3,1
153423,80,5148,ABARROTES,-46.584924,-107.88858,3,1
153402,80,5148,ABARROTES,-46.584046,-107.883702,3,1
153381,80,5148,ABARROTES,-46.58885,-107.878726,3,1
153315,80,5148,ABARROTES,-46.59116,-107.863006,3,1
153312,80,5148,ABARROTES,-46.59108,-107.86872,3,1
153309,80,5148,ABARROTES,-46.57044,-107.87084,3,1
153288,80,5148,ABARROTES,-46.563872,-107.862068,3,1
153204,80,5148,ABARROTES,-46.569376,-107.8882,3,1
153150,80,5148,ABARROTES,-46.582314,-107.88362,3,1
153141,80,5148,ABARROTES,-46.575778,-107.875236,3,1
153138,80,5148,ABARROTES,-46.57726,-107.8782,3,1
153084,80,5148,ABARROTES,-46.570228,-107.88128,3,1
153072,80,5148,ABARROTES,-46.569146,-107.87835,3,1
153024,80,5148,ABARROTES,-46.57352,-107.887092,3,1
129135,80,5148,ABARROTES,-46.57655,-107.90109,3,1
128901,80,5148,MAYORISTA,-46.587018,-107.803426,3,1
128334,80,5148,ABARROTES,-46.562958,-107.880666,3,1
96138,80,5148,CANAL FRIO,-46.5711,-107.87634,3,1
67827,80,5148,ABARROTES,-46.59114,-107.86776,3,1
67371,80,5148,ABARROTES,-46.57977,-107.862716,3,1
67158,80,5148,ABARROTES,-46.565214,-107.863442,3,1
67056,80,5148,ABARROTES,-46.57242,-107.87054,3,1
66924,80,5148,ABARROTES,-46.571086,-107.87561,3,1
66918,80,5148,ABARROTES,-46.57236,-107.866102,3,1
66915,80,5148,ABARROTES,-46.572186,-107.875154,3,1
66879,80,5148,ABARROTES,-46.575086,-107.876726,3,1
66777,80,5148,ABARROTES,-46.573542,-107.801844,3,1
66054,80,5148,ABARROTES,-46.563016,-107.922158,4,1
65637,80,5148,ABARROTES,-46.57328,-107.86794,3,1
65328,80,5148,ABARROTES,-46.5727,-107.906014,3,1
65313,80,5148,ABARROTES,-46.570828,-107.918804,4,1
65070,80,5148,ABARROTES,-46.5916586,-107.8742626,2,1
65067,80,5148,ABARROTES,-46.584704,-107.891452,3,1
65049,80,5148,ABARROTES,-46.58761,-107.892896,3,1
64959,80,5148,MAYORISTA,-46.579542,-107.90772,3,1
64893,80,5148,ABARROTES,-46.584136,-107.916728,3,1
64764,80,5148,ABARROTES,-46.576682,-107.888714,3,1
61935,80,5148,ABARROTES,-46.583424,-107.903964,3,1
61902,80,5148,ABARROTES,-46.579628,-107.90771,3,1
61350,80,5148,ABARROTES,-46.56288,-107.86736,2,1
61347,80,5148,ABARROTES,-46.564256,-107.875542,3,1
60882,80,5148,MAYORISTA,-46.56744,-107.877262,3,1
59691,80,5148,SUPERMERCADO,-46.592054,-107.854556,3,1
250434,80,5148,RESTAURANT,-46.557844,-107.863324,3,1
244731,80,5148,MAYORISTA,-46.55273009126083,-107.89458289242728,3,1
232065,80,5148,MAYORISTA,-46.548702,-107.89376,3,1
217782,80,5148,MAYORISTA,-46.544426,-107.892716,3,1
187806,80,5148,MAYORISTA,-46.562942,-107.893264,3,1
181101,80,5148,RESTAURANT,-46.55016,-107.921716,3,1
172161,80,5148,RESTAURANT,-46.568128,-107.903552,3,1
154890,80,5148,RESTAURANT,-46.56087,-107.920774,3,1
255978,80,5148,MAYORISTA,-46.565004,-107.833504,1,1
255633,80,5148,ABARROTES,-46.563836,-107.857466,1,1
255540,80,5148,ABARROTES,-46.562326,-107.872066,1,1
255138,80,5148,ABARROTES,-46.554852,-107.86382,1,1
253557,80,5148,MAYORISTA,-46.544154,-107.879978,3,1
253308,80,5148,ABARROTES,-46.553168,-107.877684,3,1
253053,80,5148,ABARROTES,-46.549596,-107.87388,3,1
252480,80,5148,ABARROTES,-46.55839,-107.853372,2,1
251235,80,5148,ABARROTES,-46.548332,-107.866072,3,1
251142,80,5148,ABARROTES,-46.560114,-107.863672,2,1
249567,80,5148,ABARROTES,-46.55804,-107.864578,3,1
249207,80,5148,ABARROTES,-46.427694,-107.80529,3,1
249081,80,5148,ABARROTES,-46.551154,-107.808516,3,1
249063,80,5148,ABARROTES,-46.568414,-107.89288,3,1
248301,80,5148,MAYORISTA,-46.555316,-107.853616,3,1
248202,80,5148,MAYORISTA,-46.541434,-107.878476,4,1
248064,80,5148,ABARROTES,-46.547858,-107.860596,3,1
248061,80,5148,ABARROTES,-46.547072,-107.877174,4,1
247632,80,5148,ABARROTES,-46.55214,-107.8803,4,1
247260,80,5148,CANAL FRIO,-46.540252,-107.892048,3,1
246987,80,5148,MAYORISTA,-46.547706,-107.90812,3,1
246720,80,5148,ABARROTES,-46.560924,-107.857414,3,1
246711,80,5148,ABARROTES,-46.549086,-107.882978,2,1
246042,80,5148,CANAL FRIO,-46.547814,-107.910982,4,1
245706,80,5148,MAYORISTA,-46.561468,-107.862534,3,1
245154,80,5148,ABARROTES,-46.562418,-107.866778,3,1
244644,80,5148,ABARROTES,-46.554668,-107.910058,4,1
244173,80,5148,ABARROTES,-46.556738,-107.880976,3,1
244065,80,5148,ABARROTES,-46.548862,-107.893394,3,1
243081,80,5148,SUPERMERCADO,-46.556782,-107.881232,3,1
242610,80,5148,CANAL FRIO,-46.545486,-107.88027,3,1
242430,80,5148,ABARROTES,-46.538834,-107.874904,3,1
242409,80,5148,ABARROTES,-46.552234,-107.921896,4,1
241389,80,5148,ABARROTES,-46.555198,-107.869496,3,1
241350,80,5148,CANAL FRIO,-46.556698,-107.881538,3,1
239592,80,5148,SUPERMERCADO,-46.559086,-107.894732,3,1
238887,80,5148,ABARROTES,-46.546612,-107.862144,3,1
238218,80,5148,MAYORISTA,-46.553062,-107.856454,3,1
237840,80,5148,MAYORISTA,-46.5434132,-107.8886452,3,1
237675,80,5148,ABARROTES,-46.567108,-107.873972,4,1
236823,80,5148,ABARROTES,-46.554494,-107.897348,3,1
233961,80,5148,ABARROTES,-46.54553,-107.869888,3,1
233559,80,5148,ABARROTES,-46.5546016,-107.867263,3,1
233091,80,5148,ABARROTES,-46.55753,-107.873526,3,1
232614,80,5148,ABARROTES,-46.560892,-107.877844,3,1
232452,80,5148,ABARROTES,-46.547938,-107.918796,4,1
232068,80,5148,MAYORISTA,-46.556352,-107.927044,4,1
231162,80,5148,MAYORISTA,-46.559224,-107.874778,3,1
230286,80,5148,ABARROTES,-46.546554,-107.87196,3,1
230178,80,5148,ABARROTES,-46.548338,-107.914492,4,1
229977,80,5148,ABARROTES,-46.547522,-107.880284,3,1
229473,80,5148,ABARROTES,-46.560298,-107.86238,3,1
228753,80,5148,ABARROTES,-46.55353948,-107.8690282,3,1
228729,80,5148,ABARROTES,-46.554762,-107.858226,3,1
227469,80,5148,ABARROTES,-46.550766,-107.882876,3,1
227343,80,5148,CANAL FRIO,-46.560418,-107.924586,4,1
227295,80,5148,ABARROTES,-46.561032,-107.86612,3,1
226827,80,5148,MAYORISTA,-46.571488,-107.76146,4,1
225747,80,5148,ABARROTES,-46.540508,-107.9004444,3,1
225654,80,5148,ABARROTES,-46.554032,-107.880058,3,1
225501,80,5148,MAYORISTA,-46.541466,-107.8716,3,1
225390,80,5148,CANAL FRIO,-46.55846,-107.909122,3,1
225351,80,5148,ABARROTES,-46.551618,-107.859822,3,1
223782,80,5148,ABARROTES,-46.559034,-107.85217,3,1
223776,80,5148,ABARROTES,-46.55733,-107.86975,3,1
223389,80,5148,ABARROTES,-46.55314268,-107.8820812,3,1
223071,80,5148,ABARROTES,-46.55585388,-107.8691374,3,1
222852,80,5148,SUPERMERCADO,-46.5695554,-107.8758142,4,1
222711,80,5148,ABARROTES,-46.548916,-107.865252,3,1
222438,80,5148,ABARROTES,-46.547848,-107.921696,4,1
222204,80,5148,ABARROTES,-46.5467198,-107.9209926,4,1
220179,80,5148,CANAL FRIO,-46.547388,-107.87999,3,1
220047,80,5148,TIENDA DE CONVENIENCIA,-46.546728,-107.877332,3,1
219381,80,5148,ABARROTES,-46.5465782,-107.8623028,3,1
218958,80,5148,ABARROTES,-46.5248476,-107.8803314,3,1
217752,80,5148,MAYORISTA,-46.557354,-107.905464,3,1
217620,80,5148,ABARROTES,-46.5543004,-107.9192168,4,1
215457,80,5148,CANAL FRIO,-46.5353166,-107.8836838,3,1
214998,80,5148,ABARROTES,-46.548642,-107.895504,3,1
213987,80,5148,MAYORISTA,-46.545573,-107.873755,3,1
212775,80,5148,ABARROTES,-46.541538,-107.869726,3,1
212688,80,5148,ABARROTES,-46.545802,-107.907304,3,1
212574,80,5148,ABARROTES,-46.54005,-107.87429,3,1
212478,80,5148,ABARROTES,-46.554374,-107.914076,4,1
212430,80,5148,ABARROTES,-46.56119,-107.866314,3,1
211812,80,5148,ABARROTES,-46.56222,-107.86712,3,1
211806,80,5148,ABARROTES,-46.541536,-107.877388,3,1
211476,80,5148,MAYORISTA,-46.557506,-107.867878,3,1
211473,80,5148,ABARROTES,-46.558414,-107.85673,3,1
211125,80,5148,RESTAURANT,-46.559476,-107.886266,3,1
210171,80,5148,ABARROTES,-46.54682,-107.86366,3,1
210141,80,5148,ABARROTES,-46.558502,-107.858152,3,1
210051,80,5148,ABARROTES,-46.545596,-107.918262,4,1
210000,80,5148,ABARROTES,-46.556158,-107.912306,4,1
209994,80,5148,ABARROTES,-46.545682,-107.914612,4,1
209976,80,5148,ABARROTES,-46.561938,-107.860856,3,1
209829,80,5148,ABARROTES,-46.561816,-107.861558,3,1
209796,80,5148,ABARROTES,-46.548538,-107.902976,3,1
209697,80,5148,ABARROTES,-46.548306,-107.858618,3,1
208053,80,5148,ABARROTES,-46.54956,-107.869988,3,1
207996,80,5148,ABARROTES,-46.543166,-107.872006,3,1
207993,80,5148,ABARROTES,-46.546958,-107.866112,3,1
207927,80,5148,ABARROTES,-46.54734,-107.89822,3,1
207822,80,5148,ABARROTES,-46.550662,-107.87135,3,1
207498,80,5148,ABARROTES,-46.558766,-107.88993,3,1
207387,80,5148,ABARROTES,-46.548318,-107.860582,3,1
207243,80,5148,ABARROTES,-46.546586,-107.884038,3,1
207219,80,5148,ABARROTES,-46.55322,-107.857038,3,1
205959,80,5148,ABARROTES,-46.54154,-107.873844,3,1
204522,80,5148,ABARROTES,-46.548158,-107.912886,4,1
204519,80,5148,ABARROTES,-46.558848,-107.921426,4,1
204411,80,5148,ABARROTES,-46.553098,-107.886584,3,1
204144,80,5148,ABARROTES,-46.549808,-107.86225,3,1
204141,80,5148,ABARROTES,-46.545034,-107.870982,3,1
204054,80,5148,ABARROTES,-46.556606,-107.888116,3,1
201741,80,5148,ABARROTES,-46.562772,-107.857198,3,1
199479,80,5148,ABARROTES,-46.5468996,-107.863898,3,1
199044,80,5148,RESTAURANT,-46.55666788,-107.8803058,3,1
198855,80,5148,ABARROTES,-46.557038,-107.873526,3,1
198801,80,5148,ABARROTES,-46.5567862,-107.880199,3,1
197802,80,5148,SUPERMERCADO,-46.55343,-107.861432,3,1
197676,80,5148,ABARROTES,-46.541928,-107.8307934,3,1
195894,80,5148,ABARROTES,-46.542538,-107.833252,3,1
195372,80,5148,SUPERMERCADO,-46.549452,-107.870778,3,1
192144,80,5148,ABARROTES,-46.544642,-107.863334,3,1
191556,80,5148,ABARROTES,-46.545474,-107.908716,3,1
191553,80,5148,ABARROTES,-46.5544,-107.9196,4,1
189045,80,5148,ABARROTES,-46.547254,-107.908872,3,1
188937,80,5148,ABARROTES,-46.553504,-107.856664,3,1
188853,80,5148,ABARROTES,-46.556924,-107.858364,3,1
188844,80,5148,ABARROTES,-46.557722,-107.921696,4,1
188730,80,5148,ABARROTES,-46.546156,-107.859838,3,1
188637,80,5148,ABARROTES,-46.546476,-107.858672,3,1
188100,80,5148,ABARROTES,-46.536878,-107.876536,3,1
187839,80,5148,ABARROTES,-46.56234,-107.851338,3,1
187743,80,5148,ABARROTES,-46.54675,-107.879034,3,1
187734,80,5148,ABARROTES,-46.546052,-107.860068,3,1
187659,80,5148,MAYORISTA,-46.555898,-107.874482,3,1
187650,80,5148,ABARROTES,-46.55826184,-107.8761047,3,1
187224,80,5148,ABARROTES,-46.555396,-107.855344,3,1
187221,80,5148,ABARROTES,-46.554826,-107.874388,3,1
186951,80,5148,ABARROTES,-46.560326,-107.861652,3,1
186447,80,5148,ABARROTES,-46.551956,-107.907602,3,1
186438,80,5148,ABARROTES,-46.549536,-107.872724,3,1
186327,80,5148,ABARROTES,-46.552308,-107.874362,3,1
186216,80,5148,ABARROTES,-46.560348,-107.874744,3,1
184605,80,5148,CANAL FRIO,-46.557136,-107.88325,3,1
183363,80,5148,CANAL FRIO,-46.54936,-107.90898,3,1
182556,80,5148,ABARROTES,-46.55424,-107.926276,4,1
182295,80,5148,ABARROTES,-46.557256,-107.927152,4,1
181149,80,5148,ABARROTES,-46.552764,-107.863824,3,1
180672,80,5148,ABARROTES,-46.56648,-107.87504,4,1
180471,80,5148,ABARROTES,-46.54734,-107.92611,4,1
180195,80,5148,ABARROTES,-46.5415566666666,-107.8782466666666,3,1
179790,80,5148,ABARROTES,-46.546916,-107.866094,3,1
179088,80,5148,ABARROTES,-46.5543,-107.91914,4,1
178938,80,5148,ABARROTES,-46.54814,-107.91384,4,1
178257,80,5148,ABARROTES,-46.558076,-107.85167,3,1
177951,80,5148,ABARROTES,-46.556162,-107.915278,4,1
177873,80,5148,ABARROTES,-46.555992,-107.8602,3,1
176607,80,5148,ABARROTES,-46.55384,-107.86116,3,1
176577,80,5148,ABARROTES,-46.56062,-107.873524,3,1
176472,80,5148,ABARROTES,-46.55922,-107.858558,3,1
176298,80,5148,ABARROTES,-46.5530492,-107.908318,2,1
175899,80,5148,ABARROTES,-46.544474,-107.864144,4,1
174513,80,5148,ABARROTES,-46.547172,-107.858746,3,1
174468,80,5148,RESTAURANT,-46.561294,-107.880916,3,1
174279,80,5148,ABARROTES,-46.54377,-107.883762,3,1
174087,80,5148,ABARROTES,-46.553094,-107.860488,3,1
173613,80,5148,ABARROTES,-46.55952,-107.858622,3,1
172719,80,5148,ABARROTES,-46.550422,-107.92495,4,1
172587,80,5148,ABARROTES,-46.54338,-107.86338,3,1
172419,80,5148,ABARROTES,-46.54899,-107.88927,3,1
171372,80,5148,ABARROTES,-46.55965,-107.915414,4,1
167652,80,5148,ABARROTES,-46.54816,-107.86836,3,1
167571,80,5148,ABARROTES,-46.55016,-107.85864,3,1
167514,80,5148,RESTAURANT,-46.53861,-107.88193,3,1
167451,80,5148,ABARROTES,-46.55462,-107.901052,3,1
167136,80,5148,ABARROTES,-46.558976,-107.837838,3,1
166362,80,5148,ABARROTES,-46.550156,-107.861836,3,1
164970,80,5148,ABARROTES,-46.551758,-107.871362,3,1
164457,80,5148,ABARROTES,-46.553382,-107.875354,3,1
164337,80,5148,ABARROTES,-46.54996,-107.863088,3,1
163578,80,5148,ABARROTES,-46.553304,-107.905036,3,1
163377,80,5148,ABARROTES,-46.54372,-107.88714,3,1
163032,80,5148,CANAL FRIO,-46.504366,-107.86855,3,1
162795,80,5148,ABARROTES,-46.54689,-107.864684,3,1
162792,80,5148,ABARROTES,-46.54725,-107.866728,4,1
161787,80,5148,ABARROTES,-46.558536,-107.909124,3,1
161667,80,5148,ABARROTES,-46.549786,-107.924228,4,1
161208,80,5148,ABARROTES,-46.558038,-107.863334,3,1
159831,80,5148,ABARROTES,-46.547354,-107.898242,3,1
158685,80,5148,MAYORISTA,-46.560338,-107.877502,3,1
158658,80,5148,ABARROTES,-46.560312,-107.836244,3,1
157311,80,5148,ABARROTES,-46.55092,-107.88044,3,1
157236,80,5148,ABARROTES,-46.558052,-107.86349,3,1
157224,80,5148,ABARROTES,-46.544658,-107.863236,3,1
156339,80,5148,ABARROTES,-46.57444,-107.87528,4,1
156225,80,5148,ABARROTES,-46.54362,-107.92682,4,1
155106,80,5148,ABARROTES,-46.545438,-107.92393,4,1
155100,80,5148,ABARROTES,-46.547476,-107.924434,4,1
155085,80,5148,ABARROTES,-46.548096,-107.924222,4,1
155055,80,5148,ABARROTES,-46.54774,-107.916606,4,1
155052,80,5148,ABARROTES,-46.547806,-107.914644,4,1
155043,80,5148,ABARROTES,-46.54834,-107.91002,3,1
155034,80,5148,ABARROTES,-46.555208,-107.912338,4,1
155031,80,5148,ABARROTES,-46.554454,-107.913906,4,1
155016,80,5148,ABARROTES,-46.553766,-107.91849,4,1
154998,80,5148,CANAL FRIO,-46.554328,-107.923756,4,1
154956,80,5148,ABARROTES,-46.559964,-107.924804,4,1
154881,80,5148,ABARROTES,-46.558094,-107.918524,4,1
154869,80,5148,ABARROTES,-46.557774,-107.91235,4,1
154827,80,5148,ABARROTES,-46.551042,-107.904894,3,1
154821,80,5148,ABARROTES,-46.552218,-107.902182,3,1
154812,80,5148,ABARROTES,-46.555968,-107.900168,3,1
154803,80,5148,ABARROTES,-46.55479,-107.906934,3,1
154797,80,5148,ABARROTES,-46.554642,-107.903938,3,1
154743,80,5148,ABARROTES,-46.558212,-107.9071,3,1
154740,80,5148,ABARROTES,-46.559,-107.90704,3,1
154707,80,5148,ABARROTES,-46.55198,-107.88025,3,1
154113,80,5148,ABARROTES,-46.538676,-107.87126,3,1
154077,80,5148,ABARROTES,-46.543598,-107.87417,3,1
154041,80,5148,ABARROTES,-46.544224,-107.86787,3,1
154035,80,5148,ABARROTES,-46.54691,-107.86845,3,1
154032,80,5148,ABARROTES,-46.54842,-107.86838,3,1
154011,80,5148,ABARROTES,-46.546138,-107.860054,3,1
154008,80,5148,ABARROTES,-46.544476,-107.87696,4,1
153960,80,5148,ABARROTES,-46.54955,-107.877196,3,1
153912,80,5148,ABARROTES,-46.552274,-107.864856,4,1
153888,80,5148,ABARROTES,-46.554738,-107.869828,3,1
153867,80,5148,ABARROTES,-46.555514,-107.874496,3,1
153792,80,5148,ABARROTES,-46.542542,-107.89252,3,1
153720,80,5148,ABARROTES,-46.538292,-107.896452,3,1
153675,80,5148,ABARROTES,-46.533628,-107.889224,3,1
153669,80,5148,ABARROTES,-46.53496,-107.88924,3,1
153645,80,5148,CANAL FRIO,-46.543852,-107.883294,3,1
153642,80,5148,ABARROTES,-46.543692,-107.882632,3,1
153600,80,5148,ABARROTES,-46.54663,-107.88471,3,1
153279,80,5148,ABARROTES,-46.560212,-107.865218,3,1
153048,80,5148,ABARROTES,-46.561768,-107.877576,3,1
128763,80,5148,ABARROTES,-46.55338,-107.86216,3,1
128685,80,5148,ABARROTES,-46.55978,-107.800332,3,1
128604,80,5148,ABARROTES,-46.560672,-107.87741,3,1
95988,80,5148,MAYORISTA,-46.551422,-107.874346,3,1
89013,80,5148,ABARROTES,-46.548024,-107.909634,3,1
72027,80,5148,MAYORISTA,-46.56156,-107.8627,3,1
71409,80,5148,ABARROTES,-46.544394,-107.873024,3,1
71301,80,5148,ABARROTES,-46.535484,-107.876494,3,1
69249,80,5148,ABARROTES,-46.546476,-107.903346,3,1
68568,80,5148,ABARROTES,-46.549644,-107.871578,3,1
68496,80,5148,ABARROTES,-46.551756,-107.857478,3,1
67764,80,5148,ABARROTES,-46.55494,-107.856,3,1
67740,80,5148,ABARROTES,-46.558136,-107.854222,3,1
67335,80,5148,ABARROTES,-46.558438,-107.874824,3,1
66465,80,5148,MAYORISTA,-46.546802,-107.863256,3,1
66336,80,5148,ABARROTES,-46.43778,-107.81032,3,1
66033,80,5148,ABARROTES,-46.550444,-107.925132,4,1
65640,80,5148,ABARROTES,-46.54688,-107.87018,3,1
65631,80,5148,ABARROTES,-46.54154,-107.868836,3,1
65577,80,5148,ABARROTES,-46.540804,-107.89728,3,1
64860,80,5148,ABARROTES,-46.55766,-107.91236,4,1
64365,80,5148,ABARROTES,-46.55678,-107.859268,3,1
64353,80,5148,ABARROTES,-46.54743,-107.926666,4,1
64218,80,5148,ABARROTES,-46.521026,-107.884928,3,1
61353,80,5148,ABARROTES,-46.558718,-107.860564,3,1
59700,80,5148,ABARROTES,-46.55718,-107.86308,3,1
56871,80,5148,ABARROTES,-46.559136,-107.924664,4,1
56868,80,5148,MAYORISTA,-46.557882,-107.917462,4,1
